Workbook

Sheet 計算式2026
C1: =SUBTOTAL(9,C4:C3000) | D1: =SUBTOTAL(9,D4:D3000) | E1: =SUBTOTAL(9,E4:E3000) | F1: =SUBTOTAL(9,F4:F3000) | G1: =SUBTOTAL(9,G4:G3000) | H1: =SUBTOTAL(9,H4:H3000) | I1: =SUBTOTAL(9,I4:I3000) | J1: =SUBTOTAL(9,J4:J3000) | K1: =SUBTOTAL(9,K4:K3000) | R1: =SUBTOTAL(9,R4:R3000) | S1: =SUBTOTAL(9,S4:S3000) | T1: =SUBTOTAL(9,T4:T3000) | U1: =SUBTOTAL(9,U4:U3000) | V1: =SUBTOTAL(9,V4:V3000) | W1: =SUBTOTAL(9,W4:W3000) | X1: =SUBTOTAL(9,X4:X3000) | AF1: =MATCH(AF3,pivot!4:4,0) | AI1: =MATCH(AI3,pivot!4:4,0) | AJ1: =MATCH(AJ3,pivot!4:4,0) | AK1: =MATCH(AK3,pivot!4:4,0) | AL1: =MATCH(AL3,pivot!4:4,0) | AM1: =MATCH(AM3,pivot!4:4,0) | AN1: =MATCH(AN3,pivot!4:4,0) | AO1: =MATCH(AO3,pivot!4:4,0) | AP1: =MATCH(AP3,pivot!4:4,0) | AQ1: =MATCH(AQ3,pivot!4:4,0)
C2: 確保 | R2: 在庫 | AE2: RETAIL
A3: 商品コード | B3: 商品名 | C3: NWA | D3: RETAIL確保 | E3: ZOZO | F3: 名古屋 | G3: 丸井web | H3: YSEC | I3: TOKYO | J3: ルクア大阪 | K3: ヒュッテ | L3: 京王新宿 | M3: 6142 | N3: 玉川高島屋 | O3: NODE | P3: 大丸心斎橋 | Q3: NARITA | R3: ZOZO | S3: 名古屋 | T3: 丸井web | U3: YSEC | V3: TOKYO | W3: ルクア大阪 | X3: ヒュッテ | Y3: 京王新宿 | Z3: 6142 | AA3: 玉川高島屋 | AB3: NODE | AC3: 大丸心斎橋 | AD3: NARITA | AE3: ZOZO | AF3: 名古屋 | AG3: 丸井web | AH3: YSEC | AI3: TOKYO | AJ3: ルクア大阪 | AK3: ヒュッテ | AL3: 京王新宿 | AM3: 6142 | AN3: 玉川高島屋 | AO3: NODE | AP3: 大丸心斎橋 | AQ3: NARITA | AR3: ZOZO | AS3: 名古屋 | AT3: 丸井web | AU3: YSEC | AV3: TOKYO | AW3: ルクア大阪 | AX3: ヒュッテ | AY3: 京王新宿 | AZ3: 6142 | BA3: 玉川高島屋 | BB3: 越一 | BC3: 大丸心斎橋 | BD3: NARITA | BE3: マイナス | BF3: R | BG3: F
A4: 02357645X | B4: Kanken Rainbow Mini | C4: 0 | D4: 0 | E4: 0 | F4: 0 | G4: 0 | H4: 0 | I4: 0 | J4: 0 | K4: 0 | R4: 0 | S4: 0 | T4: 1 | U4: 0 | V4: 0 | W4: 0 | X4: 0
A5: 08164205AS | B5: Ovik Organic Printed T-Shirts W | C5: 0 | D5: 0 | E5: 0 | F5: 0 | G5: 0 | H5: 0 | I5: 0 | J5: 0 | K5: 0 | R5: 0 | S5: 1 | T5: 0 | U5: 0 | V5: 0 | W5: 0 | X5: 0
A6: 08164509AM | B6: Ovik Organic Printed T-Shirts W | C6: 0 | D6: 0 | E6: 0 | F6: 0 | G6: 0 | H6: 0 | I6: 0 | J6: 0 | K6: 0 | R6: 0 | S6: 1 | T6: 0 | U6: 0 | V6: 1 | W6: 0 | X6: 0
A7: 08164509AS | B7: Ovik Organic Printed T-Shirts W | C7: 0 | D7: 0 | E7: 0 | F7: 0 | G7: 0 | H7: 0 | I7: 0 | J7: 0 | K7: 0 | R7: 0 | S7: 0 | T7: 0 | U7: 0 | V7: 0 | W7: 0 | X7: 0
A8: 08164509AXS | B8: Ovik Organic Printed T-Shirts W | C8: 0 | D8: 0 | E8: 0 | F8: 0 | G8: 0 | H8: 0 | I8: 0 | J8: 0 | K8: 0 | R8: 0 | S8: 1 | T8: 0 | U8: 0 | V8: 0 | W8: 0 | X8: 0
A9: 08180550A42 | B9: Abisko H-loft Trekking Trousers | C9: 1 | D9: 0 | E9: 0 | F9: 0 | G9: 0 | H9: 0 | I9: 0 | J9: 0 | K9: 0 | R9: 0 | S9: 0 | T9: 0 | U9: 0 | V9: 0 | W9: 0 | X9: 0
A10: 08180550A44 | B10: Abisko H-loft Trekking Trousers | C10: 1 | D10: 0 | E10: 0 | F10: 0 | G10: 0 | H10: 0 | I10: 0 | J10: 0 | K10: 0 | R10: 0 | S10: 0 | T10: 0 | U10: 0 | V10: 0 | W10: 0 | X10: 0
A11: 08186550A32 | B11: Barents Pro Stretch Trousers W | C11: 3 | D11: 0 | E11: 0 | F11: 0 | G11: 0 | H11: 0 | I11: 0 | J11: 0 | K11: 0 | R11: 0 | S11: 0 | T11: 0 | U11: 0 | V11: 0 | W11: 0 | X11: 0
A12: 08186550A34 | B12: Barents Pro Stretch Trousers W | C12: 1 | D12: 0 | E12: 0 | F12: 0 | G12: 0 | H12: 0 | I12: 0 | J12: 0 | K12: 0 | R12: 0 | S12: 0 | T12: 0 | U12: 0 | V12: 0 | W12: 0 | X12: 0
A13: 08186550A36 | B13: Barents Pro Stretch Trousers W | C13: 1 | D13: 0 | E13: 0 | F13: 0 | G13: 0 | H13: 0 | I13: 0 | J13: 0 | K13: 0 | R13: 0 | S13: 0 | T13: 0 | U13: 0 | V13: 0 | W13: 0 | X13: 0
A14: 21758160X | B14: Rucksack No.21 Mini | C14: 36 | D14: 0 | E14: 0 | F14: 0 | G14: 0 | H14: 0 | I14: 0 | J14: 0 | K14: 0 | R14: 0 | S14: 0 | T14: 1 | U14: 0 | V14: 0 | W14: 1 | X14: 4
A15: 21758320X | B15: Rucksack No.21 Mini | C15: 22 | D15: 0 | E15: 0 | F15: 0 | G15: 0 | H15: 0 | I15: 0 | J15: 0 | K15: 0 | R15: 0 | S15: 0 | T15: 1 | U15: 0 | V15: 0 | W15: 1 | X15: 3
... A967: 77279335M | B967: Singi Trekking Cap | C967: 1 | D967: 0 | E967: 0 | F967: 0 | G967: 0 | H967: 0 | I967: 0 | J967: 0 | K967: 0 | R967: 0 | S967: 0 | T967: 0 | U967: 0 | V967: 0 | W967: 0 | X967: 0
A968: 77280249110 | B968: Singi Belt 2.5cm | C968: 0 | D968: 0 | E968: 0 | F968: 0 | G968: 0 | H968: 0 | I968: 0 | J968: 0 | K968: 0 | R968: 0 | S968: 0 | T968: 0 | U968: 0 | V968: 1 | W968: 0 | X968: 1
A969: 7728024995 | B969: Singi Belt 2.5cm | C969: 1 | D969: 0 | E969: 0 | F969: 0 | G969: 0 | H969: 0 | I969: 0 | J969: 0 | K969: 0 | R969: 0 | S969: 0 | T969: 1 | U969: 0 | V969: 0 | W969: 1 | X969: 1
A970: 77291555X | B970: Singi Balaclava Cap | C970: 5 | D970: 0 | E970: 0 | F970: 0 | G970: 0 | H970: 0 | I970: 0 | J970: 0 | K970: 0 | R970: 0 | S970: 0 | T970: 0 | U970: 0 | V970: 0 | W970: 0 | X970: 1
A971: 77291633X | B971: Singi Balaclava Cap | C971: 0 | D971: 0 | E971: 0 | F971: 0 | G971: 0 | H971: 0 | I971: 0 | J971: 0 | K971: 0 | R971: 0 | S971: 0 | T971: 0 | U971: 0 | V971: 0 | W971: 0 | X971: 1
A972: 77294030L | B972: Singi Winter Cap | C972: 0 | D972: 0 | E972: 0 | F972: 0 | G972: 0 | H972: 0 | I972: 0 | J972: 0 | K972: 0 | R972: 0 | S972: 0 | T972: 1 | U972: 0 | V972: 0 | W972: 2 | X972: 2
A973: 77294030M | B973: Singi Winter Cap | C973: 0 | D973: 0 | E973: 0 | F973: 0 | G973: 0 | H973: 0 | I973: 0 | J973: 0 | K973: 0 | R973: 0 | S973: 0 | T973: 0 | U973: 0 | V973: 0 | W973: 0 | X973: 2
A974: 77294555L | B974: Singi Winter Cap | C974: 0 | D974: 0 | E974: 0 | F974: 0 | G974: 0 | H974: 0 | I974: 0 | J974: 0 | K974: 0 | R974: 0 | S974: 0 | T974: 1 | U974: 0 | V974: 0 | W974: 2 | X974: 1
A975: 77294555M | B975: Singi Winter Cap | C975: 0 | D975: 0 | E975: 0 | F975: 0 | G975: 0 | H975: 0 | I975: 0 | J975: 0 | K975: 0 | R975: 0 | S975: 0 | T975: 0 | U975: 0 | V975: 0 | W975: 0 | X975: 1
A976: 77295550L | B976: Singi Field Cap | C976: 0 | D976: 0 | E976: 0 | F976: 0 | G976: 0 | H976: 0 | I976: 0 | J976: 0 | K976: 0 | R976: 0 | S976: 0 | T976: 0 | U976: 0 | V976: 0 | W976: 0 | X976: 1
A977: 77295550M | B977: Singi Field Cap | C977: 0 | D977: 0 | E977: 0 | F977: 0 | G977: 0 | H977: 0 | I977: 0 | J977: 0 | K977: 0 | R977: 0 | S977: 0 | T977: 0 | U977: 0 | V977: 0 | W977: 0 | X977: 1
A978: 77295633L | B978: Singi Field Cap | C978: 0 | D978: 0 | E978: 0 | F978: 0 | G978: 0 | H978: 0 | I978: 0 | J978: 0 | K978: 0 | R978: 0 | S978: 0 | T978: 0 | U978: 0 | V978: 0 | W978: 0 | X978: 1
A979: 77295633M | B979: Singi Field Cap | C979: 0 | D979: 0 | E979: 0 | F979: 0 | G979: 0 | H979: 0 | I979: 0 | J979: 0 | K979: 0 | R979: 0 | S979: 0 | T979: 0 | U979: 0 | V979: 0 | W979: 0 | X979: 1
A980: 77297021X | B980: Canvas Brass Belt 4 cm | C980: 0 | D980: 0 | E980: 0 | F980: 0 | G980: 0 | H980: 0 | I980: 0 | J980: 0 | K980: 0 | R980: 0 | S980: 0 | T980: 0 | U980: 0 | V980: 0 | W980: 0 | X980: 0
A981: 77297032X | B981: Canvas Brass Belt 4 cm | C981: 34 | D981: 0 | E981: 0 | F981: 0 | G981: 0 | H981: 0 | I981: 0 | J981: 0 | K981: 0 | R981: 1 | S981: 2 | T981: 1 | U981: 0 | V981: 3 | W981: 0 | X981: 1
... A1132: 80522646-555146 | B1132: Kids Singi Fleece Jacket | C1132: 0 | D1132: 0 | E1132: 0 | F1132: 0 | G1132: 0 | H1132: 0 | I1132: 0 | J1132: 0 | K1132: 0 | R1132: 0 | S1132: 0 | T1132: 0 | U1132: 0 | V1132: 0 | W1132: 0 | X1132: 1
A1133: 80524550134 | B1133: Kids Keb Jacket | C1133: 0 | D1133: 0 | E1133: 0 | F1133: 0 | G1133: 0 | H1133: 0 | I1133: 0 | J1133: 0 | K1133: 0 | R1133: 0 | S1133: 0 | T1133: 1 | U1133: 0 | V1133: 0 | W1133: 0 | X1133: 1
A1134: 80524550146 | B1134: Kids Keb Jacket | C1134: 0 | D1134: 0 | E1134: 0 | F1134: 0 | G1134: 0 | H1134: 0 | I1134: 0 | J1134: 0 | K1134: 0 | R1134: 0 | S1134: 0 | T1134: 2 | U1134: 0 | V1134: 0 | W1134: 0 | X1134: 1
A1135: 80524646-555134 | B1135: Kids Keb Jacket | C1135: 0 | D1135: 0 | E1135: 0 | F1135: 0 | G1135: 0 | H1135: 0 | I1135: 0 | J1135: 0 | K1135: 0 | R1135: 0 | S1135: 0 | T1135: 1 | U1135: 0 | V1135: 0 | W1135: 0 | X1135: 1
A1136: 80524646-555146 | B1136: Kids Keb Jacket | C1136: 0 | D1136: 0 | E1136: 0 | F1136: 0 | G1136: 0 | H1136: 0 | I1136: 0 | J1136: 0 | K1136: 0 | R1136: 0 | S1136: 0 | T1136: 2 | U1136: 0 | V1136: 0 | W1136: 0 | X1136: 1
A1137: 80526525104 | B1137: Kids Trail T-Shirt | C1137: 4 | D1137: 0 | E1137: 0 | F1137: 0 | G1137: 0 | H1137: 0 | I1137: 0 | J1137: 0 | K1137: 0 | R1137: 0 | S1137: 0 | T1137: 0 | U1137: 0 | V1137: 0 | W1137: 0 | X1137: 1
A1138: 80526525110 | B1138: Kids Trail T-Shirt | C1138: 4 | D1138: 0 | E1138: 0 | F1138: 0 | G1138: 0 | H1138: 0 | I1138: 0 | J1138: 0 | K1138: 0 | R1138: 0 | S1138: 0 | T1138: 0 | U1138: 0 | V1138: 0 | W1138: 0 | X1138: 1
A1139: 80526525116 | B1139: Kids Trail T-Shirt | C1139: 4 | D1139: 0 | E1139: 0 | F1139: 0 | G1139: 0 | H1139: 0 | I1139: 0 | J1139: 0 | K1139: 0 | R1139: 0 | S1139: 0 | T1139: 0 | U1139: 0 | V1139: 0 | W1139: 0 | X1139: 1
A1140: 80526525122 | B1140: Kids Trail T-Shirt | C1140: 4 | D1140: 0 | E1140: 0 | F1140: 0 | G1140: 0 | H1140: 0 | I1140: 0 | J1140: 0 | K1140: 0 | R1140: 0 | S1140: 0 | T1140: 0 | U1140: 0 | V1140: 0 | W1140: 0 | X1140: 1
A1141: 80526525128 | B1141: Kids Trail T-Shirt | C1141: 3 | D1141: 0 | E1141: 0 | F1141: 0 | G1141: 0 | H1141: 0 | I1141: 0 | J1141: 0 | K1141: 0 | R1141: 0 | S1141: 0 | T1141: 0 | U1141: 0 | V1141: 0 | W1141: 0 | X1141: 1
A1142: 80526525134 | B1142: Kids Trail T-Shirt | C1142: 2 | D1142: 0 | E1142: 0 | F1142: 0 | G1142: 0 | H1142: 0 | I1142: 0 | J1142: 0 | K1142: 0 | R1142: 0 | S1142: 0 | T1142: 0 | U1142: 0 | V1142: 0 | W1142: 0 | X1142: 1
A1143: 80526610104 | B1143: Kids Trail T-Shirt | C1143: 4 | D1143: 0 | E1143: 0 | F1143: 0 | G1143: 0 | H1143: 0 | I1143: 0 | J1143: 0 | K1143: 0 | R1143: 0 | S1143: 0 | T1143: 0 | U1143: 0 | V1143: 0 | W1143: 0 | X1143: 1
A1144: 80526610110 | B1144: Kids Trail T-Shirt | C1144: 4 | D1144: 0 | E1144: 0 | F1144: 0 | G1144: 0 | H1144: 0 | I1144: 0 | J1144: 0 | K1144: 0 | R1144: 0 | S1144: 0 | T1144: 0 | U1144: 0 | V1144: 0 | W1144: 0 | X1144: 1
A1145: 80526610116 | B1145: Kids Trail T-Shirt | C1145: 4 | D1145: 0 | E1145: 0 | F1145: 0 | G1145: 0 | H1145: 0 | I1145: 0 | J1145: 0 | K1145: 0 | R1145: 0 | S1145: 0 | T1145: 0 | U1145: 0 | V1145: 0 | W1145: 0 | X1145: 1
A1146: 80526610122 | B1146: Kids Trail T-Shirt | C1146: 4 | D1146: 0 | E1146: 0 | F1146: 0 | G1146: 0 | H1146: 0 | I1146: 0 | J1146: 0 | K1146: 0 | R1146: 0 | S1146: 0 | T1146: 0 | U1146: 0 | V1146: 0 | W1146: 0 | X1146: 1
A1147: 80526610128 | B1147: Kids Trail T-Shirt | C1147: 2 | D1147: 0 | E1147: 0 | F1147: 0 | G1147: 0 | H1147: 0 | I1147: 0 | J1147: 0 | K1147: 0 | R1147: 0 | S1147: 0 | T1147: 0 | U1147: 0 | V1147: 0 | W1147: 0 | X1147: 1
A1148: 80526610134 | B1148: Kids Trail T-Shirt | C1148: 1 | D1148: 0 | E1148: 0 | F1148: 0 | G1148: 0 | H1148: 0 | I1148: 0 | J1148: 0 | K1148: 0 | R1148: 0 | S1148: 0 | T1148: 0 | U1148: 0 | V1148: 0 | W1148: 0 | X1148: 1
... A1153: 80528124128 | B1153: Kids Trek Logo T-Shirt | C1153: 3 | D1153: 0 | E1153: 0 | F1153: 0 | G1153: 0 | H1153: 0 | I1153: 0 | J1153: 0 | K1153: 0 | R1153: 0 | S1153: 0 | T1153: 0 | U1153: 0 | V1153: 0 | W1153: 0 | X1153: 0
A1154: 80634510L | B1154: Fjallraven Polar Parka M | C1154: 0 | D1154: 2 | E1154: 0 | F1154: 0 | G1154: 0 | H1154: 0 | I1154: 0 | J1154: 0 | K1154: 0 | R1154: 0 | S1154: 0 | T1154: 0 | U1154: 0 | V1154: 0 | W1154: 0 | X1154: 0
A1155: 80634510M | B1155: Fjallraven Polar Parka M | C1155: 0 | D1155: 1 | E1155: 0 | F1155: 0 | G1155: 0 | H1155: 0 | I1155: 0 | J1155: 0 | K1155: 0 | R1155: 1 | S1155: 1 | T1155: 0 | U1155: 0 | V1155: 0 | W1155: 0 | X1155: 1
A1156: 80634510S | B1156: Fjallraven Polar Parka M | C1156: 0 | D1156: 2 | E1156: 0 | F1156: 0 | G1156: 0 | H1156: 0 | I1156: 0 | J1156: 0 | K1156: 0 | R1156: 0 | S1156: 1 | T1156: 0 | U1156: 0 | V1156: 1 | W1156: 0 | X1156: 1
A1157: 80634510XS | B1157: Fjallraven Polar Parka M | C1157: 0 | D1157: 0 | E1157: 0 | F1157: 0 | G1157: 0 | H1157: 0 | I1157: 0 | J1157: 0 | K1157: 0 | R1157: 0 | S1157: 0 | T1157: 0 | U1157: 0 | V1157: 1 | W1157: 0 | X1157: 1
A1158: 80637633S | B1158: Luhkka | C1158: 0 | D1158: 0 | E1158: 0 | F1158: 0 | G1158: 0 | H1158: 0 | I1158: 0 | J1158: 0 | K1158: 0 | R1158: 0 | S1158: 0 | T1158: 0 | U1158: 0 | V1158: 1 | W1158: 0 | X1158: 0
A1159: 80724031X | B1159: Poncho | C1159: 0 | D1159: 0 | E1159: 0 | F1159: 0 | G1159: 0 | H1159: 0 | I1159: 0 | J1159: 0 | K1159: 0 | R1159: 0 | S1159: 1 | T1159: 1 | U1159: 0 | V1159: 1 | W1159: 0 | X1159: 0
A1160: 80724210X | B1160: Poncho | C1160: 0 | D1160: 1 | E1160: 0 | F1160: 0 | G1160: 0 | H1160: 0 | I1160: 0 | J1160: 0 | K1160: 0 | R1160: 0 | S1160: 2 | T1160: 0 | U1160: 0 | V1160: 1 | W1160: 0 | X1160: 1
A1161: 80724525X | B1161: Poncho | C1161: 0 | D1161: 0 | E1161: 0 | F1161: 0 | G1161: 0 | H1161: 0 | I1161: 0 | J1161: 0 | K1161: 0 | R1161: 0 | S1161: 1 | T1161: 1 | U1161: 0 | V1161: 1 | W1161: 0 | X1161: 1
A1162: 80724633X | B1162: Poncho | C1162: 0 | D1162: 0 | E1162: 0 | F1162: 0 | G1162: 0 | H1162: 0 | I1162: 0 | J1162: 0 | K1162: 0 | R1162: 0 | S1162: 0 | T1162: 1 | U1162: 0 | V1162: 2 | W1162: 0 | X1162: 0
A1163: 80766550S | B1163: Snow Flake Parka | C1163: 3 | D1163: 0 | E1163: 0 | F1163: 0 | G1163: 0 | H1163: 0 | I1163: 0 | J1163: 0 | K1163: 0 | R1163: 0 | S1163: 0 | T1163: 0 | U1163: 0 | V1163: 0 | W1163: 0 | X1163: 1
A1164: 80766550XS | B1164: Snow Flake Parka | C1164: 3 | D1164: 0 | E1164: 0 | F1164: 0 | G1164: 0 | H1164: 0 | I1164: 0 | J1164: 0 | K1164: 0 | R1164: 0 | S1164: 0 | T1164: 0 | U1164: 0 | V1164: 0 | W1164: 0 | X1164: 1
A1165: 80766555S | B1165: Snow Flake Parka | C1165: 1 | D1165: 0 | E1165: 0 | F1165: 0 | G1165: 0 | H1165: 0 | I1165: 0 | J1165: 0 | K1165: 0 | R1165: 0 | S1165: 0 | T1165: 0 | U1165: 0 | V1165: 0 | W1165: 0 | X1165: 2
... A1204: 81434620XS | B1204: Greenland Winter Jacket | C1204: 0 | D1204: 0 | E1204: 0 | F1204: 0 | G1204: 0 | H1204: 0 | I1204: 0 | J1204: 0 | K1204: 0 | R1204: 0 | S1204: 0 | T1204: 0 | U1204: 0 | V1204: 0 | W1204: 0 | X1204: 1
A1205: 8146155546 | B1205: Barents Pro Jeans | C1205: 0 | D1205: 0 | E1205: 0 | F1205: 0 | G1205: 0 | H1205: 0 | I1205: 0 | J1205: 0 | K1205: 0 | R1205: 0 | S1205: 0 | T1205: 0 | U1205: 0 | V1205: 0 | W1205: 0 | X1205: 1
A1206: 8146155548 | B1206: Barents Pro Jeans | C1206: 0 | D1206: 0 | E1206: 0 | F1206: 0 | G1206: 0 | H1206: 0 | I1206: 0 | J1206: 0 | K1206: 0 | R1206: 0 | S1206: 0 | T1206: 0 | U1206: 0 | V1206: 0 | W1206: 0 | X1206: 1
A1207: 8146155550 | B1207: Barents Pro Jeans | C1207: 0 | D1207: 0 | E1207: 0 | F1207: 0 | G1207: 0 | H1207: 0 | I1207: 0 | J1207: 0 | K1207: 0 | R1207: 0 | S1207: 0 | T1207: 0 | U1207: 0 | V1207: 0 | W1207: 0 | X1207: 2
A1208: 81461633-63346 | B1208: Barents Pro Jeans | C1208: 0 | D1208: 0 | E1208: 0 | F1208: 0 | G1208: 0 | H1208: 0 | I1208: 0 | J1208: 0 | K1208: 0 | R1208: 0 | S1208: 0 | T1208: 0 | U1208: 0 | V1208: 0 | W1208: 0 | X1208: 1
A1209: 81461633-63348 | B1209: Barents Pro Jeans | C1209: 0 | D1209: 0 | E1209: 0 | F1209: 0 | G1209: 0 | H1209: 0 | I1209: 0 | J1209: 0 | K1209: 0 | R1209: 0 | S1209: 0 | T1209: 0 | U1209: 0 | V1209: 0 | W1209: 0 | X1209: 1
A1210: 81461633-63350 | B1210: Barents Pro Jeans | C1210: 0 | D1210: 0 | E1210: 0 | F1210: 0 | G1210: 0 | H1210: 0 | I1210: 0 | J1210: 0 | K1210: 0 | R1210: 0 | S1210: 0 | T1210: 0 | U1210: 0 | V1210: 0 | W1210: 0 | X1210: 2
A1211: 81461R030-03048 | B1211: Barents Pro Jeans | C1211: 0 | D1211: 0 | E1211: 0 | F1211: 0 | G1211: 0 | H1211: 0 | I1211: 0 | J1211: 0 | K1211: 0 | R1211: 0 | S1211: 1 | T1211: 1 | U1211: 0 | V1211: 2 | W1211: 0 | X1211: 1
A1212: 81461R030-03050 | B1212: Barents Pro Jeans | C1212: 0 | D1212: 0 | E1212: 0 | F1212: 0 | G1212: 0 | H1212: 0 | I1212: 0 | J1212: 0 | K1212: 0 | R1212: 0 | S1212: 1 | T1212: 1 | U1212: 0 | V1212: 1 | W1212: 0 | X1212: 1
A1213: 81461R03048 | B1213: Barents Pro Jeans | C1213: 0 | D1213: 0 | E1213: 0 | F1213: 0 | G1213: 0 | H1213: 0 | I1213: 0 | J1213: 0 | K1213: 0 | R1213: 0 | S1213: 0 | T1213: 0 | U1213: 0 | V1213: 1 | W1213: 0 | X1213: 1
A1214: 81461R03050 | B1214: Barents Pro Jeans | C1214: 0 | D1214: 0 | E1214: 0 | F1214: 0 | G1214: 0 | H1214: 0 | I1214: 0 | J1214: 0 | K1214: 0 | R1214: 0 | S1214: 1 | T1214: 0 | U1214: 0 | V1214: 0 | W1214: 0 | X1214: 0
A1215: 81461R55548 | B1215: Barents Pro Jeans | C1215: 0 | D1215: 0 | E1215: 0 | F1215: 0 | G1215: 0 | H1215: 0 | I1215: 0 | J1215: 0 | K1215: 0 | R1215: 0 | S1215: 2 | T1215: 1 | U1215: 0 | V1215: 2 | W1215: 0 | X1215: 1
A1216: 81461R55550 | B1216: Barents Pro Jeans | C1216: 0 | D1216: 0 | E1216: 0 | F1216: 0 | G1216: 0 | H1216: 0 | I1216: 0 | J1216: 0 | K1216: 0 | R1216: 0 | S1216: 1 | T1216: 1 | U1216: 0 | V1216: 1 | W1216: 0 | X1216: 1
A1217: 8147103046 | B1217: Barents Pro Winter Jeans | C1217: 0 | D1217: 0 | E1217: 0 | F1217: 0 | G1217: 0 | H1217: 0 | I1217: 0 | J1217: 0 | K1217: 0 | R1217: 0 | S1217: 0 | T1217: 0 | U1217: 0 | V1217: 1 | W1217: 0 | X1217: 0
A1218: 8147103048 | B1218: Barents Pro Winter Jeans | C1218: 0 | D1218: 0 | E1218: 0 | F1218: 0 | G1218: 0 | H1218: 0 | I1218: 0 | J1218: 0 | K1218: 0 | R1218: 0 | S1218: 0 | T1218: 1 | U1218: 0 | V1218: 0 | W1218: 0 | X1218: 0
A1219: 8147103050 | B1219: Barents Pro Winter Jeans | C1219: 0 | D1219: 0 | E1219: 0 | F1219: 0 | G1219: 0 | H1219: 0 | I1219: 0 | J1219: 0 | K1219: 0 | R1219: 0 | S1219: 0 | T1219: 2 | U1219: 0 | V1219: 0 | W1219: 0 | X1219: 0
A1220: 8147163346 | B1220: Barents Pro Winter Jeans | C1220: 0 | D1220: 0 | E1220: 0 | F1220: 0 | G1220: 0 | H1220: 0 | I1220: 0 | J1220: 0 | K1220: 0 | R1220: 0 | S1220: 0 | T1220: 1 | U1220: 0 | V1220: 0 | W1220: 0 | X1220: 1
A1221: 8147163348 | B1221: Barents Pro Winter Jeans | C1221: 0 | D1221: 0 | E1221: 0 | F1221: 0 | G1221: 0 | H1221: 0 | I1221: 0 | J1221: 0 | K1221: 0 | R1221: 0 | S1221: 0 | T1221: 2 | U1221: 0 | V1221: 0 | W1221: 0 | X1221: 2
A1222: 81506550L | B1222: Abisko Trekking Tights | C1222: 0 | D1222: 0 | E1222: 0 | F1222: 0 | G1222: 0 | H1222: 0 | I1222: 0 | J1222: 0 | K1222: 0 | R1222: 0 | S1222: 0 | T1222: 0 | U1222: 0 | V1222: 0 | W1222: 0 | X1222: 0
A1223: 81506550M | B1223: Abisko Trekking Tights | C1223: 0 | D1223: 0 | E1223: 0 | F1223: 0 | G1223: 0 | H1223: 0 | I1223: 0 | J1223: 0 | K1223: 0 | R1223: 0 | S1223: 0 | T1223: 0 | U1223: 0 | V1223: 0 | W1223: 0 | X1223: 0
A1224: 81511020M | B1224: Ovik Polo Shirt M | C1224: 5 | D1224: 0 | E1224: 0 | F1224: 0 | G1224: 0 | H1224: 0 | I1224: 0 | J1224: 0 | K1224: 0 | R1224: 0 | S1224: 0 | T1224: 1 | U1224: 0 | V1224: 0 | W1224: 0 | X1224: 1
A1225: 81511020S | B1225: Ovik Polo Shirt M | C1225: 1 | D1225: 0 | E1225: 0 | F1225: 0 | G1225: 0 | H1225: 0 | I1225: 0 | J1225: 0 | K1225: 0 | R1225: 0 | S1225: 0 | T1225: 0 | U1225: 0 | V1225: 0 | W1225: 0 | X1225: 1
A1226: 81511560M | B1226: Ovik Polo Shirt M | C1226: 12 | D1226: 0 | E1226: 0 | F1226: 0 | G1226: 0 | H1226: 0 | I1226: 0 | J1226: 0 | K1226: 0 | R1226: 0 | S1226: 0 | T1226: 1 | U1226: 0 | V1226: 0 | W1226: 0 | X1226: 1
A1227: 81511560S | B1227: Ovik Polo Shirt M | C1227: 5 | D1227: 0 | E1227: 0 | F1227: 0 | G1227: 0 | H1227: 0 | I1227: 0 | J1227: 0 | K1227: 0 | R1227: 0 | S1227: 0 | T1227: 0 | U1227: 0 | V1227: 0 | W1227: 0 | X1227: 1
A1228: 81512030L | B1228: Abisko Trail T-Shirt Print | C1228: 1 | D1228: 0 | E1228: 0 | F1228: 0 | G1228: 0 | H1228: 0 | I1228: 0 | J1228: 0 | K1228: 0 | R1228: 0 | S1228: 0 | T1228: 0 | U1228: 0 | V1228: 0 | W1228: 0 | X1228: 0
A1229: 81512030M | B1229: Abisko Trail T-Shirt Print | C1229: 1 | D1229: 0 | E1229: 0 | F1229: 0 | G1229: 0 | H1229: 0 | I1229: 0 | J1229: 0 | K1229: 0 | R1229: 0 | S1229: 0 | T1229: 1 | U1229: 0 | V1229: 0 | W1229: 0 | X1229: 0
A1230: 81512030S | B1230: Abisko Trail T-Shirt Print | C1230: 1 | D1230: 0 | E1230: 0 | F1230: 0 | G1230: 0 | H1230: 0 | I1230: 0 | J1230: 0 | K1230: 0 | R1230: 0 | S1230: 0 | T1230: 1 | U1230: 0 | V1230: 0 | W1230: 0 | X1230: 0
A1231: 81512520M | B1231: Abisko Trail T-Shirt Print | C1231: 1 | D1231: 0 | E1231: 0 | F1231: 0 | G1231: 0 | H1231: 0 | I1231: 0 | J1231: 0 | K1231: 0 | R1231: 0 | S1231: 0 | T1231: 1 | U1231: 0 | V1231: 0 | W1231: 0 | X1231: 0
A1232: 81512520S | B1232: Abisko Trail T-Shirt Print | C1232: 2 | D1232: 0 | E1232: 0 | F1232: 0 | G1232: 0 | H1232: 0 | I1232: 0 | J1232: 0 | K1232: 0 | R1232: 0 | S1232: 0 | T1232: 1 | U1232: 0 | V1232: 0 | W1232: 0 | X1232: 0
A1233: 81517020M | B1233: Greenland Zip Hoodie | C1233: 0 | D1233: 0 | E1233: 0 | F1233: 0 | G1233: 0 | H1233: 0 | I1233: 0 | J1233: 0 | K1233: 0 | R1233: 0 | S1233: 1 | T1233: 2 | U1233: 0 | V1233: 0 | W1233: 0 | X1233: 0
A1234: 81517020S | B1234: Greenland Zip Hoodie | C1234: 0 | D1234: 0 | E1234: 0 | F1234: 0 | G1234: 0 | H1234: 0 | I1234: 0 | J1234: 0 | K1234: 0 | R1234: 0 | S1234: 1 | T1234: 1 | U1234: 1 | V1234: 1 | W1234: 0 | X1234: 0
A1235: 8152303246 | B1235: High Coast Hike Trousers | C1235: 1 | D1235: 0 | E1235: 0 | F1235: 0 | G1235: 0 | H1235: 0 | I1235: 0 | J1235: 0 | K1235: 0 | R1235: 0 | S1235: 0 | T1235: 2 | U1235: 0 | V1235: 0 | W1235: 0 | X1235: 1
A1236: 8152303248 | B1236: High Coast Hike Trousers | C1236: 5 | D1236: 0 | E1236: 0 | F1236: 0 | G1236: 0 | H1236: 0 | I1236: 0 | J1236: 0 | K1236: 0 | R1236: 0 | S1236: 0 | T1236: 2 | U1236: 0 | V1236: 0 | W1236: 0 | X1236: 1
A1237: 8152303250 | B1237: High Coast Hike Trousers | C1237: 4 | D1237: 0 | E1237: 0 | F1237: 0 | G1237: 0 | H1237: 0 | I1237: 0 | J1237: 0 | K1237: 0 | R1237: 0 | S1237: 0 | T1237: 2 | U1237: 0 | V1237: 0 | W1237: 0 | X1237: 1
A1238: 8152356046 | B1238: High Coast Hike Trousers | C1238: 1 | D1238: 0 | E1238: 0 | F1238: 0 | G1238: 0 | H1238: 0 | I1238: 0 | J1238: 0 | K1238: 0 | R1238: 0 | S1238: 0 | T1238: 2 | U1238: 0 | V1238: 0 | W1238: 0 | X1238: 1
A1239: 8152356048 | B1239: High Coast Hike Trousers | C1239: 0 | D1239: 0 | E1239: 0 | F1239: 0 | G1239: 0 | H1239: 0 | I1239: 0 | J1239: 0 | K1239: 0 | R1239: 0 | S1239: 0 | T1239: 2 | U1239: 0 | V1239: 0 | W1239: 0 | X1239: 1
A1240: 8152356050 | B1240: High Coast Hike Trousers | C1240: 0 | D1240: 0 | E1240: 0 | F1240: 0 | G1240: 0 | H1240: 0 | I1240: 0 | J1240: 0 | K1240: 0 | R1240: 0 | S1240: 0 | T1240: 2 | U1240: 0 | V1240: 0 | W1240: 0 | X1240: 1
A1241: 81523R03246 | B1241: High Coast Hike Trousers | C1241: 0 | D1241: 0 | E1241: 0 | F1241: 0 | G1241: 0 | H1241: 0 | I1241: 0 | J1241: 0 | K1241: 0 | R1241: 0 | S1241: 1 | T1241: 1 | U1241: 0 | V1241: 2 | W1241: 0 | X1241: 1
A1242: 81523R03248 | B1242: High Coast Hike Trousers | C1242: 0 | D1242: 0 | E1242: 0 | F1242: 0 | G1242: 0 | H1242: 0 | I1242: 0 | J1242: 0 | K1242: 0 | R1242: 0 | S1242: 0 | T1242: 1 | U1242: 0 | V1242: 0 | W1242: 0 | X1242: 0
A1243: 81523R03250 | B1243: High Coast Hike Trousers | C1243: 0 | D1243: 0 | E1243: 0 | F1243: 0 | G1243: 0 | H1243: 0 | I1243: 0 | J1243: 0 | K1243: 0 | R1243: 0 | S1243: 1 | T1243: 0 | U1243: 0 | V1243: 1 | W1243: 0 | X1243: 1
...
