Workbook

Sheet RETAIL
A1: 1 | B1: 2 | C1: 3 | D1: 4 | E1: 5 | F1: 6 | G1: 7 | H1: 8 | I1: 9 | J1: 10 | K1: 11 | L1: 12 | M1: 13 | N1: 14 | O1: 15 | P1: 16 | Q1: 17 | R1: 18 | S1: 19 | T1: 20 | U1: 21 | V1: 22 | W1: 23 | X1: 24 | Y1: 25 | Z1: 26 | AA1: 27 | AB1: 28 | AC1: 29 | AD1: 30 | AE1: 31 | AF1: 32 | AG1: 33 | AH1: 34 | AI1: 35 | AJ1: 36 | AK1: 37 | AL1: 38 | AM1: 39 | AN1: 40 | AO1: 41 | AP1: 42 | AQ1: 43 | AR1: 44 | AS1: 45 | AT1: 46 | AU1: 47 | AV1: 48 | AW1: 49 | AX1: 50 | AY1: 51 | AZ1: 52 | BA1: 53 | BB1: 54 | BC1: 55 | BD1: 56 | BE1: 57 | BF1: 58 | BG1: 59 | BH1: 60 | BI1: 61 | BJ1: 69
A2: 受注番号 | B2: 納品先コード | C2: 納品先名 | D2: 商品コード | E2: 商品名 | F2: Brand | G2: NWA | H2: BULK | I2: BULK | J2: BULK | K2: BULK | L2: BULK | M2: BULK | N2: BULK | O2: BULK | P2: BULK | Q2: BULK | R2: BULK | S2: BULK | T2: BULK | U2: BULK | V2: BULK | W2: BULK | X2: BULK | Y2: BULK | Z2: BULK | AA2: BULK | AB2: BULK | AC2: 現在庫 | AD2: 現在庫 | AE2: 現在庫 | AF2: 現在庫 | AG2: 現在庫 | AH2: 現在庫 | AI2: 現在庫 | AJ2: 現在庫 | AK2: 現在庫 | AL2: 現在庫 | AM2: 現在庫 | AN2: 現在庫 | AO2: 現在庫 | AP2: 現在庫 | AQ2: 現在庫 | AR2: 現在庫 | AS2: 現在庫 | AT2: 現在庫 | AU2: 現在庫 | AV2: 現在庫 | AW2: 出荷指示数 | AX2: 出荷指示数 | AY2: 出荷指示数 | AZ2: 出荷指示数 | BA2: 出荷指示数 | BB2: 出荷指示数 | BC2: 出荷指示数 | BD2: 出荷指示数 | BE2: 出荷指示数 | BF2: 出荷指示数 | BG2: 出荷指示数 | BH2: 出荷指示数 | BI2: 出荷指示数 | BJ2: 出荷予定日
G3: NWA | H3: 納品先BULK | I3: 201050 | J3: 201127 | K3: 201223 | L3: 201236 | M3: 201268 | N3: 201499 | O3: 201549 | P3: 201684 | Q3: 201703 | R3: 201716 | S3: 201720 | T3: 201738 | U3: 201762 | AC3: 201050 | AD3: 201127 | AE3: 201223 | AF3: 201236 | AG3: 201268 | AH3: 201499 | AI3: 201549 | AJ3: 201684 | AK3: 201703 | AL3: 201716 | AM3: 201720 | AN3: 201738 | AO3: 201762 | AW3: 201050 | AX3: 201127 | AY3: 201223 | AZ3: 201236 | BA3: 201268 | BB3: 201499 | BC3: 201549 | BD3: 201684 | BE3: 201703 | BF3: 201716 | BG3: 201720 | BH3: 201738 | BI3: 201762
G4: NWA | H4: 納品先BULK | I4: ZOZO | J4: 名古屋 | K4: 丸井web | L4: YSEC | M4: TOKYO | N4: ルクア大阪 | O4: ヒュッテ | P4: 京王新宿 | Q4: 6142 | R4: 玉川高島屋 | S4: NODE | T4: 大丸心斎橋 | U4: NARITA | AC4: ZOZO | AD4: 名古屋 | AE4: 丸井web | AF4: YSEC | AG4: TOKYO | AH4: ルクア大阪 | AI4: ヒュッテ | AJ4: 京王新宿 | AK4: 6142 | AL4: 玉川高島屋 | AM4: NODE | AN4: 大丸心斎橋 | AO4: NARITA | AW4: ZOZO | AX4: 名古屋 | AY4: 丸井web | AZ4: YSEC | BA4: TOKYO | BB4: ルクア大阪 | BC4: ヒュッテ | BD4: 京王新宿 | BE4: 6142 | BF4: 玉川高島屋 | BG4: NODE | BH4: 大丸心斎橋 | BI4: NARITA
D5: 12100003210L/XL | E5: Varmland Cap | F5: FRV | G5: 0 | H5: 0 | I5: 0 | J5: 0 | K5: 0 | L5: 0 | M5: 0 | N5: 0 | O5: 0 | P5: 0 | Q5: 0 | R5: 0 | S5: 0 | T5: 0 | U5: 0 | AC5: 0 | AD5: 1 | AE5: 0 | AF5: 1 | AG5: 0 | AH5: 1 | AI5: 0 | AJ5: 0 | AK5: 0 | AL5: 0 | AM5: 0 | AN5: 0 | AO5: 0 | AW5: =order!AE4 -> 0 | AX5: =order!AF4 -> 0 | AY5: =order!AG4 -> 0 | AZ5: =order!AH4 -> 0 | BA5: =order!AI4 -> 0 | BB5: =order!AJ4 -> 0 | BC5: =order!AK4 -> 0 | BD5: =order!AL4 -> 0 | ... BI5: =order!AQ4 -> 0 | BJ5: 20260706
D6: 12100003210S/M | E6: Varmland Cap | F6: FRV | G6: 0 | H6: 0 | I6: 0 | J6: 0 | K6: 0 | L6: 0 | M6: 0 | N6: 0 | O6: 0 | P6: 0 | Q6: 0 | R6: 0 | S6: 0 | T6: 0 | U6: 0 | AC6: 0 | AD6: 1 | AE6: 0 | AF6: 1 | AG6: 0 | AH6: 1 | AI6: 1 | AJ6: 0 | AK6: 0 | AL6: 0 | AM6: 0 | AN6: 1 | AO6: 0 | AW6: =order!AE5 -> 0 | AX6: =order!AF5 -> 0 | AY6: =order!AG5 -> 0 | AZ6: =order!AH5 -> 0 | BA6: =order!AI5 -> 0 | BB6: =order!AJ5 -> 0 | BC6: =order!AK5 -> 0 | BD6: =order!AL5 -> 0 | ... BI6: =order!AQ5 -> 0 | BJ6: 20260706
D7: 12100003625L/XL | E7: Varmland Cap | F7: FRV | G7: 0 | H7: 0 | I7: 0 | J7: 0 | K7: 0 | L7: 0 | M7: 0 | N7: 0 | O7: 0 | P7: 0 | Q7: 0 | R7: 0 | S7: 0 | T7: 0 | U7: 0 | AC7: 0 | AD7: 1 | AE7: 0 | AF7: 1 | AG7: 0 | AH7: 2 | AI7: 0 | AJ7: 1 | AK7: 0 | AL7: 0 | AM7: 0 | AN7: 2 | AO7: 0 | AW7: =order!AE6 -> 0 | AX7: =order!AF6 -> 0 | AY7: =order!AG6 -> 0 | AZ7: =order!AH6 -> 0 | BA7: =order!AI6 -> 0 | BB7: =order!AJ6 -> 0 | BC7: =order!AK6 -> 0 | BD7: =order!AL6 -> 0 | ... BI7: =order!AQ6 -> 0 | BJ7: 20260706
D8: 12100003625S/M | E8: Varmland Cap | F8: FRV | G8: 0 | H8: 0 | I8: 0 | J8: 0 | K8: 0 | L8: 0 | M8: 0 | N8: 0 | O8: 0 | P8: 0 | Q8: 0 | R8: 0 | S8: 0 | T8: 0 | U8: 0 | AC8: 0 | AD8: 2 | AE8: 0 | AF8: 0 | AG8: 0 | AH8: 2 | AI8: 2 | AJ8: 2 | AK8: 0 | AL8: 2 | AM8: 0 | AN8: 1 | AO8: 0 | AW8: =order!AE7 -> 0 | AX8: =order!AF7 -> 0 | AY8: =order!AG7 -> 0 | AZ8: =order!AH7 -> 0 | BA8: =order!AI7 -> 0 | BB8: =order!AJ7 -> 0 | BC8: =order!AK7 -> 0 | BD8: =order!AL7 -> 0 | ... BI8: =order!AQ7 -> 0 | BJ8: 20260706
D9: 12100003662L/XL | E9: Varmland Cap | F9: FRV | G9: 0 | H9: 0 | I9: 0 | J9: 0 | K9: 0 | L9: 0 | M9: 0 | N9: 0 | O9: 0 | P9: 0 | Q9: 0 | R9: 0 | S9: 0 | T9: 0 | U9: 0 | AC9: 0 | AD9: 1 | AE9: 0 | AF9: 0 | AG9: 0 | AH9: 0 | AI9: 0 | AJ9: 0 | AK9: 0 | AL9: 0 | AM9: 0 | AN9: 0 | AO9: 0 | AW9: =order!AE8 -> 0 | AX9: =order!AF8 -> 0 | AY9: =order!AG8 -> 0 | AZ9: =order!AH8 -> 0 | BA9: =order!AI8 -> 0 | BB9: =order!AJ8 -> 0 | BC9: =order!AK8 -> 0 | BD9: =order!AL8 -> 0 | ... BI9: =order!AQ8 -> 0 | BJ9: 20260706
D10: 12100003662S/M | E10: Varmland Cap | F10: FRV | G10: 0 | H10: 0 | I10: 0 | J10: 0 | K10: 0 | L10: 0 | M10: 0 | N10: 0 | O10: 0 | P10: 0 | Q10: 0 | R10: 0 | S10: 0 | T10: 0 | U10: 0 | AC10: 0 | AD10: 1 | AE10: 0 | AF10: 1 | AG10: 0 | AH10: 1 | AI10: 2 | AJ10: 1 | AK10: 0 | AL10: 1 | AM10: 0 | AN10: 2 | AO10: 0 | AW10: =order!AE9 -> 0 | AX10: =order!AF9 -> 0 | AY10: =order!AG9 -> 0 | AZ10: =order!AH9 -> 0 | BA10: =order!AI9 -> 0 | BB10: =order!AJ9 -> 0 | BC10: =order!AK9 -> 0 | BD10: =order!AL9 -> 0 | ... BI10: =order!AQ9 -> 0 | BJ10: 20260706
D11: 12100004113L/XL | E11: High Coast Wind Cap | F11: FRV | G11: 0 | H11: 0 | I11: 0 | J11: 0 | K11: 0 | L11: 0 | M11: 0 | N11: 0 | O11: 0 | P11: 0 | Q11: 0 | R11: 0 | S11: 0 | T11: 0 | U11: 0 | AC11: 0 | AD11: 1 | AE11: 0 | AF11: 1 | AG11: 1 | AH11: 0 | AI11: 0 | AJ11: 1 | AK11: 0 | AL11: 1 | AM11: 0 | AN11: 0 | AO11: 0 | AW11: =order!AE10 -> 0 | AX11: =order!AF10 -> 0 | AY11: =order!AG10 -> 0 | AZ11: =order!AH10 -> 0 | BA11: =order!AI10 -> 0 | BB11: =order!AJ10 -> 0 | BC11: =order!AK10 -> 0 | BD11: =order!AL10 -> 0 | ... BI11: =order!AQ10 -> 0 | BJ11: 20260706
D12: 12100004300L/XL | E12: High Coast Wind Cap | F12: FRV | G12: 0 | H12: 0 | I12: 0 | J12: 0 | K12: 0 | L12: 0 | M12: 0 | N12: 0 | O12: 0 | P12: 0 | Q12: 0 | R12: 0 | S12: 0 | T12: 0 | U12: 0 | AC12: 0 | AD12: 1 | AE12: 0 | AF12: 0 | AG12: 0 | AH12: 0 | AI12: 0 | AJ12: 0 | AK12: 0 | AL12: 0 | AM12: 0 | AN12: 0 | AO12: 0 | AW12: =order!AE11 -> 0 | AX12: =order!AF11 -> 0 | AY12: =order!AG11 -> 0 | AZ12: =order!AH11 -> 0 | BA12: =order!AI11 -> 0 | BB12: =order!AJ11 -> 0 | BC12: =order!AK11 -> 0 | BD12: =order!AL11 -> 0 | ... BI12: =order!AQ11 -> 0 | BJ12: 20260706
D13: 12100004300S/M | E13: High Coast Wind Cap | F13: FRV | G13: 0 | H13: 0 | I13: 0 | J13: 0 | K13: 0 | L13: 0 | M13: 0 | N13: 0 | O13: 0 | P13: 0 | Q13: 0 | R13: 0 | S13: 0 | T13: 0 | U13: 0 | AC13: 0 | AD13: 1 | AE13: 0 | AF13: 2 | AG13: 0 | AH13: 2 | AI13: 0 | AJ13: 0 | AK13: 0 | AL13: 0 | AM13: 0 | AN13: 1 | AO13: 0 | AW13: =order!AE12 -> 0 | AX13: =order!AF12 -> 0 | AY13: =order!AG12 -> 0 | AZ13: =order!AH12 -> 0 | BA13: =order!AI12 -> 0 | BB13: =order!AJ12 -> 0 | BC13: =order!AK12 -> 0 | BD13: =order!AL12 -> 0 | ... BI13: =order!AQ12 -> 0 | BJ13: 20260706
D14: 12100004550L/XL | E14: High Coast Wind Cap | F14: FRV | G14: 0 | H14: 0 | I14: 0 | J14: 0 | K14: 0 | L14: 0 | M14: 0 | N14: 0 | O14: 0 | P14: 0 | Q14: 0 | R14: 0 | S14: 0 | T14: 0 | U14: 0 | AC14: 0 | AD14: 1 | AE14: 0 | AF14: 0 | AG14: 0 | AH14: 0 | AI14: 1 | AJ14: 1 | AK14: 0 | AL14: 0 | AM14: 0 | AN14: 0 | AO14: 0 | AW14: =order!AE13 -> 0 | AX14: =order!AF13 -> 0 | AY14: =order!AG13 -> 0 | AZ14: =order!AH13 -> 0 | BA14: =order!AI13 -> 0 | BB14: =order!AJ13 -> 0 | BC14: =order!AK13 -> 0 | BD14: =order!AL13 -> 0 | ... BI14: =order!AQ13 -> 0 | BJ14: 20260706
D15: 12100004550S/M | E15: High Coast Wind Cap | F15: FRV | G15: 0 | H15: 0 | I15: 0 | J15: 0 | K15: 0 | L15: 0 | M15: 0 | N15: 0 | O15: 0 | P15: 0 | Q15: 0 | R15: 0 | S15: 0 | T15: 0 | U15: 0 | AC15: 0 | AD15: 1 | AE15: 0 | AF15: 0 | AG15: 0 | AH15: 0 | AI15: 1 | AJ15: 2 | AK15: 0 | AL15: 0 | AM15: 0 | AN15: 0 | AO15: 0 | AW15: =order!AE14 -> 0 | AX15: =order!AF14 -> 0 | AY15: =order!AG14 -> 0 | AZ15: =order!AH14 -> 0 | BA15: =order!AI14 -> 0 | BB15: =order!AJ14 -> 0 | BC15: =order!AK14 -> 0 | BD15: =order!AL14 -> 0 | ... BI15: =order!AQ14 -> 0 | BJ15: 20260706
D16: 12100004574-118L/XL | E16: High Coast Wind Cap | F16: FRV | G16: 0 | H16: 0 | I16: 0 | J16: 0 | K16: 0 | L16: 0 | M16: 0 | N16: 0 | O16: 0 | P16: 0 | Q16: 0 | R16: 0 | S16: 0 | T16: 0 | U16: 0 | AC16: 0 | AD16: 0 | AE16: 0 | AF16: 0 | AG16: 0 | AH16: 1 | AI16: 0 | AJ16: 0 | AK16: 0 | AL16: 0 | AM16: 0 | AN16: 0 | AO16: 0 | AW16: =order!AE15 -> 0 | AX16: =order!AF15 -> 0 | AY16: =order!AG15 -> 0 | AZ16: =order!AH15 -> 0 | BA16: =order!AI15 -> 0 | BB16: =order!AJ15 -> 0 | BC16: =order!AK15 -> 0 | BD16: =order!AL15 -> 0 | ... BI16: =order!AQ15 -> 0 | BJ16: 20260706
... D28: 12200190550XS | E28: Bergtagen GTX Pro Trousers M | F28: FRV | G28: 0 | H28: 0 | I28: 0 | J28: 0 | K28: 0 | L28: 0 | M28: 0 | N28: 0 | O28: 0 | P28: 0 | Q28: 0 | R28: 0 | S28: 0 | T28: 0 | U28: 0 | AC28: 0 | AD28: 0 | AE28: 0 | AF28: 1 | AG28: 0 | AH28: 0 | AI28: 1 | AJ28: 0 | AK28: 0 | AL28: 0 | AM28: 0 | AN28: 0 | AO28: 0 | AW28: =order!AE27 -> 0 | AX28: =order!AF27 -> 0 | AY28: =order!AG27 -> 0 | AZ28: =order!AH27 -> 0 | BA28: =order!AI27 -> 0 | BB28: =order!AJ27 -> 0 | BC28: =order!AK27 -> 0 | BD28: =order!AL27 -> 0 | ... BI28: =order!AQ27 -> 0 | BJ28: 20260706
D29: 1220019755044 | E29: Hoja Hybrid Trousers M | F29: FRV | G29: 0 | H29: 5 | I29: 0 | J29: 0 | K29: 0 | L29: 0 | M29: 0 | N29: 0 | O29: 0 | P29: 0 | Q29: 0 | R29: 0 | S29: 0 | T29: 0 | U29: 0 | AC29: 0 | AD29: 1 | AE29: 0 | AF29: 1 | AG29: 1 | AH29: 1 | AI29: 0 | AJ29: 1 | AK29: 0 | AL29: 1 | AM29: 0 | AN29: 1 | AO29: 0 | AW29: =order!AE28 -> 0 | AX29: =order!AF28 -> 0 | AY29: =order!AG28 -> 0 | AZ29: =order!AH28 -> 0 | BA29: =order!AI28 -> 0 | BB29: =order!AJ28 -> 0 | BC29: =order!AK28 -> 0 | BD29: =order!AL28 -> 0 | ... BI29: =order!AQ28 -> 0 | BJ29: 20260706
D30: 1220019755046 | E30: Hoja Hybrid Trousers M | F30: FRV | G30: 1 | H30: 10 | I30: 0 | J30: 0 | K30: 0 | L30: 0 | M30: 0 | N30: 0 | O30: 0 | P30: 0 | Q30: 0 | R30: 0 | S30: 0 | T30: 0 | U30: 0 | AC30: 0 | AD30: 1 | AE30: 0 | AF30: 2 | AG30: 1 | AH30: 1 | AI30: 1 | AJ30: 1 | AK30: 0 | AL30: 1 | AM30: 0 | AN30: 1 | AO30: 0 | AW30: =order!AE29 -> 0 | AX30: =order!AF29 -> 0 | AY30: =order!AG29 -> 0 | AZ30: =order!AH29 -> 0 | BA30: =order!AI29 -> 0 | BB30: =order!AJ29 -> 0 | BC30: =order!AK29 -> 0 | BD30: =order!AL29 -> 0 | ... BI30: =order!AQ29 -> 0 | BJ30: 20260706
D31: 1220019755048 | E31: Hoja Hybrid Trousers M | F31: FRV | G31: 0 | H31: 7 | I31: 0 | J31: 0 | K31: 0 | L31: 0 | M31: 0 | N31: 0 | O31: 0 | P31: 0 | Q31: 0 | R31: 0 | S31: 0 | T31: 0 | U31: 0 | AC31: 0 | AD31: 1 | AE31: 0 | AF31: 1 | AG31: 1 | AH31: 1 | AI31: 1 | AJ31: 1 | AK31: 0 | AL31: 1 | AM31: 0 | AN31: 1 | AO31: 0 | AW31: =order!AE30 -> 0 | AX31: =order!AF30 -> 0 | AY31: =order!AG30 -> 0 | AZ31: =order!AH30 -> 0 | BA31: =order!AI30 -> 0 | BB31: =order!AJ30 -> 0 | BC31: =order!AK30 -> 0 | BD31: =order!AL30 -> 0 | ... BI31: =order!AQ30 -> 0 | BJ31: 20260706
D32: 1220019755050 | E32: Hoja Hybrid Trousers M | F32: FRV | G32: 0 | H32: 6 | I32: 0 | J32: 0 | K32: 0 | L32: 0 | M32: 0 | N32: 0 | O32: 0 | P32: 0 | Q32: 0 | R32: 0 | S32: 0 | T32: 0 | U32: 0 | AC32: 0 | AD32: 1 | AE32: 0 | AF32: 1 | AG32: 1 | AH32: 1 | AI32: 1 | AJ32: 1 | AK32: 0 | AL32: 1 | AM32: 0 | AN32: 1 | AO32: 0 | AW32: =order!AE31 -> 0 | AX32: =order!AF31 -> 0 | AY32: =order!AG31 -> 0 | AZ32: =order!AH31 -> 0 | BA32: =order!AI31 -> 0 | BB32: =order!AJ31 -> 0 | BC32: =order!AK31 -> 0 | BD32: =order!AL31 -> 0 | ... BI32: =order!AQ31 -> 0 | BJ32: 20260706
D33: 1220019755052 | E33: Hoja Hybrid Trousers M | F33: FRV | G33: 0 | H33: 0 | I33: 0 | J33: 0 | K33: 0 | L33: 0 | M33: 0 | N33: 0 | O33: 0 | P33: 0 | Q33: 0 | R33: 0 | S33: 0 | T33: 0 | U33: 0 | AC33: 0 | AD33: 0 | AE33: 0 | AF33: 1 | AG33: 1 | AH33: 0 | AI33: 0 | AJ33: 0 | AK33: 0 | AL33: 0 | AM33: 0 | AN33: 0 | AO33: 0 | AW33: =order!AE32 -> 0 | AX33: =order!AF32 -> 0 | AY33: =order!AG32 -> 0 | AZ33: =order!AH32 -> 0 | BA33: =order!AI32 -> 0 | BB33: =order!AJ32 -> 0 | BC33: =order!AK32 -> 0 | BD33: =order!AL32 -> 0 | ... BI33: =order!AQ32 -> 0 | BJ33: 20260706
D34: 1220020755046 | E34: High Coast Pack Shorts M | F34: FRV | G34: 4 | H34: 0 | I34: 0 | J34: 0 | K34: 0 | L34: 0 | M34: 0 | N34: 0 | O34: 0 | P34: 0 | Q34: 0 | R34: 0 | S34: 0 | T34: 0 | U34: 0 | AC34: 0 | AD34: 1 | AE34: 0 | AF34: 1 | AG34: 1 | AH34: 1 | AI34: 0 | AJ34: 1 | AK34: 0 | AL34: 1 | AM34: 1 | AN34: 1 | AO34: 0 | AW34: =order!AE33 -> 0 | AX34: =order!AF33 -> 0 | AY34: =order!AG33 -> 0 | AZ34: =order!AH33 -> 0 | BA34: =order!AI33 -> 0 | BB34: =order!AJ33 -> 0 | BC34: =order!AK33 -> 0 | BD34: =order!AL33 -> 0 | ... BI34: =order!AQ33 -> 0 | BJ34: 20260706
D35: 1220020755048 | E35: High Coast Pack Shorts M | F35: FRV | G35: 3 | H35: 0 | I35: 0 | J35: 0 | K35: 0 | L35: 0 | M35: 0 | N35: 0 | O35: 0 | P35: 0 | Q35: 0 | R35: 0 | S35: 0 | T35: 0 | U35: 0 | AC35: 0 | AD35: 1 | AE35: 0 | AF35: 1 | AG35: 1 | AH35: 1 | AI35: 0 | AJ35: 1 | AK35: 0 | AL35: 1 | AM35: 1 | AN35: 1 | AO35: 0 | AW35: =order!AE34 -> 0 | AX35: =order!AF34 -> 0 | AY35: =order!AG34 -> 0 | AZ35: =order!AH34 -> 0 | BA35: =order!AI34 -> 0 | BB35: =order!AJ34 -> 0 | BC35: =order!AK34 -> 0 | BD35: =order!AL34 -> 0 | ... BI35: =order!AQ34 -> 0 | BJ35: 20260706
D36: 1220020755050 | E36: High Coast Pack Shorts M | F36: FRV | G36: 2 | H36: 0 | I36: 0 | J36: 0 | K36: 0 | L36: 0 | M36: 0 | N36: 0 | O36: 0 | P36: 0 | Q36: 0 | R36: 0 | S36: 0 | T36: 0 | U36: 0 | AC36: 0 | AD36: 1 | AE36: 0 | AF36: 1 | AG36: 0 | AH36: 1 | AI36: 0 | AJ36: 1 | AK36: 0 | AL36: 1 | AM36: 1 | AN36: 1 | AO36: 0 | AW36: =order!AE35 -> 0 | AX36: =order!AF35 -> 0 | AY36: =order!AG35 -> 0 | AZ36: =order!AH35 -> 0 | BA36: =order!AI35 -> 1 | BB36: =order!AJ35 -> 0 | BC36: =order!AK35 -> 0 | BD36: =order!AL35 -> 0 | ... BI36: =order!AQ35 -> 0 | BJ36: 20260706
D37: 1220020755052 | E37: High Coast Pack Shorts M | F37: FRV | G37: 0 | H37: 0 | I37: 0 | J37: 0 | K37: 0 | L37: 0 | M37: 0 | N37: 0 | O37: 0 | P37: 0 | Q37: 0 | R37: 0 | S37: 0 | T37: 0 | U37: 0 | AC37: 0 | AD37: 1 | AE37: 0 | AF37: 1 | AG37: 1 | AH37: 1 | AI37: 0 | AJ37: 0 | AK37: 0 | AL37: 0 | AM37: 0 | AN37: 0 | AO37: 0 | AW37: =order!AE36 -> 0 | AX37: =order!AF36 -> 0 | AY37: =order!AG36 -> 0 | AZ37: =order!AH36 -> 0 | BA37: =order!AI36 -> 0 | BB37: =order!AJ36 -> 0 | BC37: =order!AK36 -> 0 | BD37: =order!AL36 -> 0 | ... BI37: =order!AQ36 -> 0 | BJ37: 20260706
D38: 1220020762546 | E38: High Coast Pack Shorts M | F38: FRV | G38: 5 | H38: 0 | I38: 0 | J38: 0 | K38: 0 | L38: 0 | M38: 0 | N38: 0 | O38: 0 | P38: 0 | Q38: 0 | R38: 0 | S38: 0 | T38: 0 | U38: 0 | AC38: 0 | AD38: 1 | AE38: 0 | AF38: 1 | AG38: 1 | AH38: 1 | AI38: 0 | AJ38: 1 | AK38: 0 | AL38: 1 | AM38: 1 | AN38: 1 | AO38: 0 | AW38: =order!AE37 -> 0 | AX38: =order!AF37 -> 0 | AY38: =order!AG37 -> 0 | AZ38: =order!AH37 -> 0 | BA38: =order!AI37 -> 0 | BB38: =order!AJ37 -> 0 | BC38: =order!AK37 -> 0 | BD38: =order!AL37 -> 0 | ... BI38: =order!AQ37 -> 0 | BJ38: 20260706
D39: 1220020762548 | E39: High Coast Pack Shorts M | F39: FRV | G39: 2 | H39: 0 | I39: 0 | J39: 0 | K39: 0 | L39: 0 | M39: 0 | N39: 0 | O39: 0 | P39: 0 | Q39: 0 | R39: 0 | S39: 0 | T39: 0 | U39: 0 | AC39: 0 | AD39: 1 | AE39: 0 | AF39: 1 | AG39: 1 | AH39: 1 | AI39: 0 | AJ39: 1 | AK39: 0 | AL39: 1 | AM39: 1 | AN39: 1 | AO39: 0 | AW39: =order!AE38 -> 0 | AX39: =order!AF38 -> 0 | AY39: =order!AG38 -> 0 | AZ39: =order!AH38 -> 0 | BA39: =order!AI38 -> 0 | BB39: =order!AJ38 -> 0 | BC39: =order!AK38 -> 0 | BD39: =order!AL38 -> 0 | ... BI39: =order!AQ38 -> 0 | BJ39: 20260706
D40: 1220020762550 | E40: High Coast Pack Shorts M | F40: FRV | G40: 3 | H40: 0 | I40: 0 | J40: 0 | K40: 0 | L40: 0 | M40: 0 | N40: 0 | O40: 0 | P40: 0 | Q40: 0 | R40: 0 | S40: 0 | T40: 0 | U40: 0 | AC40: 0 | AD40: 1 | AE40: 0 | AF40: 1 | AG40: 1 | AH40: 1 | AI40: 0 | AJ40: 1 | AK40: 0 | AL40: 1 | AM40: 1 | AN40: 1 | AO40: 0 | AW40: =order!AE39 -> 0 | AX40: =order!AF39 -> 0 | AY40: =order!AG39 -> 0 | AZ40: =order!AH39 -> 0 | BA40: =order!AI39 -> 0 | BB40: =order!AJ39 -> 0 | BC40: =order!AK39 -> 0 | BD40: =order!AL39 -> 0 | ... BI40: =order!AQ39 -> 0 | BJ40: 20260706
D41: 12200218550L | E41: Keb GTX Trousers M | F41: FRV | G41: 0 | H41: 0 | I41: 0 | J41: 0 | K41: 0 | L41: 0 | M41: 0 | N41: 0 | O41: 0 | P41: 0 | Q41: 0 | R41: 0 | S41: 0 | T41: 0 | U41: 0 | AC41: 0 | AD41: 1 | AE41: 0 | AF41: 0 | AG41: 1 | AH41: 0 | AI41: 0 | AJ41: 0 | AK41: 0 | AL41: 0 | AM41: 1 | AN41: 0 | AO41: 0 | AW41: =order!AE40 -> 0 | AX41: =order!AF40 -> 0 | AY41: =order!AG40 -> 0 | AZ41: =order!AH40 -> 0 | BA41: =order!AI40 -> 0 | BB41: =order!AJ40 -> 0 | BC41: =order!AK40 -> 0 | BD41: =order!AL40 -> 0 | ... BI41: =order!AQ40 -> 0 | BJ41: 20260706
D42: 12200218550M | E42: Keb GTX Trousers M | F42: FRV | G42: 0 | H42: 0 | I42: 0 | J42: 0 | K42: 0 | L42: 0 | M42: 0 | N42: 0 | O42: 0 | P42: 0 | Q42: 0 | R42: 0 | S42: 0 | T42: 0 | U42: 0 | AC42: 0 | AD42: 1 | AE42: 0 | AF42: 1 | AG42: 0 | AH42: 0 | AI42: 1 | AJ42: 1 | AK42: 0 | AL42: 0 | AM42: 1 | AN42: 1 | AO42: 0 | AW42: =order!AE41 -> 0 | AX42: =order!AF41 -> 0 | AY42: =order!AG41 -> 0 | AZ42: =order!AH41 -> 0 | BA42: =order!AI41 -> 0 | BB42: =order!AJ41 -> 0 | BC42: =order!AK41 -> 0 | BD42: =order!AL41 -> 0 | ... BI42: =order!AQ41 -> 0 | BJ42: 20260706
D43: 12200218550S | E43: Keb GTX Trousers M | F43: FRV | G43: 0 | H43: 0 | I43: 0 | J43: 0 | K43: 0 | L43: 0 | M43: 0 | N43: 0 | O43: 0 | P43: 0 | Q43: 0 | R43: 0 | S43: 0 | T43: 0 | U43: 0 | AC43: 0 | AD43: 1 | AE43: 0 | AF43: 0 | AG43: 0 | AH43: 1 | AI43: 0 | AJ43: 1 | AK43: 0 | AL43: 1 | AM43: 0 | AN43: 0 | AO43: 0 | AW43: =order!AE42 -> 0 | AX43: =order!AF42 -> 0 | AY43: =order!AG42 -> 0 | AZ43: =order!AH42 -> 0 | BA43: =order!AI42 -> 0 | BB43: =order!AJ42 -> 0 | BC43: =order!AK42 -> 0 | BD43: =order!AL42 -> 0 | ... BI43: =order!AQ42 -> 0 | BJ43: 20260706
D44: 12200218550XS | E44: Keb GTX Trousers M | F44: FRV | G44: 0 | H44: 0 | I44: 0 | J44: 0 | K44: 0 | L44: 0 | M44: 0 | N44: 0 | O44: 0 | P44: 0 | Q44: 0 | R44: 0 | S44: 0 | T44: 0 | U44: 0 | AC44: 0 | AD44: 1 | AE44: 0 | AF44: 1 | AG44: 1 | AH44: 1 | AI44: 1 | AJ44: 0 | AK44: 0 | AL44: 0 | AM44: 0 | AN44: 0 | AO44: 0 | AW44: =order!AE43 -> 0 | AX44: =order!AF43 -> 0 | AY44: =order!AG43 -> 0 | AZ44: =order!AH43 -> 0 | BA44: =order!AI43 -> 0 | BB44: =order!AJ43 -> 0 | BC44: =order!AK43 -> 0 | BD44: =order!AL43 -> 0 | ... BI44: =order!AQ43 -> 0 | BJ44: 20260706
D45: 12200219537L | E45: Vardag Summer Shorts M | F45: FRV | G45: 0 | H45: 0 | I45: 0 | J45: 0 | K45: 0 | L45: 0 | M45: 0 | N45: 0 | O45: 0 | P45: 0 | Q45: 0 | R45: 0 | S45: 0 | T45: 0 | U45: 0 | AC45: 0 | AD45: 0 | AE45: 0 | AF45: 1 | AG45: 0 | AH45: 0 | AI45: 0 | AJ45: 0 | AK45: 0 | AL45: 0 | AM45: 0 | AN45: 0 | AO45: 0 | AW45: =order!AE44 -> 0 | AX45: =order!AF44 -> 0 | AY45: =order!AG44 -> 0 | AZ45: =order!AH44 -> 1 | BA45: =order!AI44 -> 0 | BB45: =order!AJ44 -> 0 | BC45: =order!AK44 -> 0 | BD45: =order!AL44 -> 0 | ... BI45: =order!AQ44 -> 0 | BJ45: 20260706
D46: 12200219537M | E46: Vardag Summer Shorts M | F46: FRV | G46: 0 | H46: 0 | I46: 0 | J46: 0 | K46: 0 | L46: 0 | M46: 0 | N46: 0 | O46: 0 | P46: 0 | Q46: 0 | R46: 0 | S46: 0 | T46: 0 | U46: 0 | AC46: 0 | AD46: 0 | AE46: 0 | AF46: 1 | AG46: 1 | AH46: 1 | AI46: 0 | AJ46: 0 | AK46: 0 | AL46: 0 | AM46: 0 | AN46: 0 | AO46: 0 | AW46: =order!AE45 -> 0 | AX46: =order!AF45 -> 1 | AY46: =order!AG45 -> 0 | AZ46: =order!AH45 -> 0 | BA46: =order!AI45 -> 0 | BB46: =order!AJ45 -> 0 | BC46: =order!AK45 -> 0 | BD46: =order!AL45 -> 0 | ... BI46: =order!AQ45 -> 0 | BJ46: 20260706
D47: 12200219537S | E47: Vardag Summer Shorts M | F47: FRV | G47: 2 | H47: 0 | I47: 0 | J47: 0 | K47: 0 | L47: 0 | M47: 0 | N47: 0 | O47: 0 | P47: 0 | Q47: 0 | R47: 0 | S47: 0 | T47: 0 | U47: 0 | AC47: 0 | AD47: 1 | AE47: 0 | AF47: 1 | AG47: 1 | AH47: 1 | AI47: 0 | AJ47: 0 | AK47: 0 | AL47: 0 | AM47: 1 | AN47: 0 | AO47: 0 | AW47: =order!AE46 -> 0 | AX47: =order!AF46 -> 0 | AY47: =order!AG46 -> 0 | AZ47: =order!AH46 -> 0 | BA47: =order!AI46 -> 0 | BB47: =order!AJ46 -> 0 | BC47: =order!AK46 -> 0 | BD47: =order!AL46 -> 0 | ... BI47: =order!AQ46 -> 0 | BJ47: 20260706
D48: 12200219550L | E48: Vardag Summer Shorts M | F48: FRV | G48: 0 | H48: 0 | I48: 0 | J48: 0 | K48: 0 | L48: 0 | M48: 0 | N48: 0 | O48: 0 | P48: 0 | Q48: 0 | R48: 0 | S48: 0 | T48: 0 | U48: 0 | AC48: 0 | AD48: 1 | AE48: 0 | AF48: 1 | AG48: 1 | AH48: 1 | AI48: 0 | AJ48: 0 | AK48: 0 | AL48: 0 | AM48: 0 | AN48: 0 | AO48: 0 | AW48: =order!AE47 -> 0 | AX48: =order!AF47 -> 0 | AY48: =order!AG47 -> 0 | AZ48: =order!AH47 -> 0 | BA48: =order!AI47 -> 0 | BB48: =order!AJ47 -> 0 | BC48: =order!AK47 -> 0 | BD48: =order!AL47 -> 0 | ... BI48: =order!AQ47 -> 0 | BJ48: 20260706
D49: 12200219550M | E49: Vardag Summer Shorts M | F49: FRV | G49: 5 | H49: 0 | I49: 0 | J49: 0 | K49: 0 | L49: 0 | M49: 0 | N49: 0 | O49: 0 | P49: 0 | Q49: 0 | R49: 0 | S49: 0 | T49: 0 | U49: 0 | AC49: 0 | AD49: 1 | AE49: 0 | AF49: 1 | AG49: 1 | AH49: 1 | AI49: 0 | AJ49: 0 | AK49: 0 | AL49: 0 | AM49: 1 | AN49: 1 | AO49: 0 | AW49: =order!AE48 -> 0 | AX49: =order!AF48 -> 0 | AY49: =order!AG48 -> 0 | AZ49: =order!AH48 -> 0 | BA49: =order!AI48 -> 0 | BB49: =order!AJ48 -> 0 | BC49: =order!AK48 -> 0 | BD49: =order!AL48 -> 0 | ... BI49: =order!AQ48 -> 0 | BJ49: 20260706
D50: 12200219550S | E50: Vardag Summer Shorts M | F50: FRV | G50: 2 | H50: 0 | I50: 0 | J50: 0 | K50: 0 | L50: 0 | M50: 0 | N50: 0 | O50: 0 | P50: 0 | Q50: 0 | R50: 0 | S50: 0 | T50: 0 | U50: 0 | AC50: 0 | AD50: 1 | AE50: 0 | AF50: 1 | AG50: 1 | AH50: 1 | AI50: 0 | AJ50: 0 | AK50: 0 | AL50: 0 | AM50: 1 | AN50: 1 | AO50: 0 | AW50: =order!AE49 -> 0 | AX50: =order!AF49 -> 0 | AY50: =order!AG49 -> 0 | AZ50: =order!AH49 -> 0 | BA50: =order!AI49 -> 0 | BB50: =order!AJ49 -> 0 | BC50: =order!AK49 -> 0 | BD50: =order!AL49 -> 0 | ... BI50: =order!AQ49 -> 0 | BJ50: 20260706
D51: 12200219625L | E51: Vardag Summer Shorts M | F51: FRV | G51: 0 | H51: 0 | I51: 0 | J51: 0 | K51: 0 | L51: 0 | M51: 0 | N51: 0 | O51: 0 | P51: 0 | Q51: 0 | R51: 0 | S51: 0 | T51: 0 | U51: 0 | AC51: 0 | AD51: 0 | AE51: 0 | AF51: 1 | AG51: 0 | AH51: 0 | AI51: 0 | AJ51: 0 | AK51: 0 | AL51: 0 | AM51: 0 | AN51: 0 | AO51: 0 | AW51: =order!AE50 -> 0 | AX51: =order!AF50 -> 0 | AY51: =order!AG50 -> 0 | AZ51: =order!AH50 -> 0 | BA51: =order!AI50 -> 0 | BB51: =order!AJ50 -> 0 | BC51: =order!AK50 -> 0 | BD51: =order!AL50 -> 0 | ... BI51: =order!AQ50 -> 0 | BJ51: 20260706
D52: 12200219625M | E52: Vardag Summer Shorts M | F52: FRV | G52: 0 | H52: 0 | I52: 0 | J52: 0 | K52: 0 | L52: 0 | M52: 0 | N52: 0 | O52: 0 | P52: 0 | Q52: 0 | R52: 0 | S52: 0 | T52: 0 | U52: 0 | AC52: 0 | AD52: 1 | AE52: 0 | AF52: 0 | AG52: 1 | AH52: 0 | AI52: 0 | AJ52: 0 | AK52: 0 | AL52: 0 | AM52: 1 | AN52: 1 | AO52: 0 | AW52: =order!AE51 -> 0 | AX52: =order!AF51 -> 0 | AY52: =order!AG51 -> 0 | AZ52: =order!AH51 -> 0 | BA52: =order!AI51 -> 0 | BB52: =order!AJ51 -> 0 | BC52: =order!AK51 -> 0 | BD52: =order!AL51 -> 0 | ... BI52: =order!AQ51 -> 0 | BJ52: 20260706
D53: 12200219625S | E53: Vardag Summer Shorts M | F53: FRV | G53: 1 | H53: 0 | I53: 0 | J53: 0 | K53: 0 | L53: 0 | M53: 0 | N53: 0 | O53: 0 | P53: 0 | Q53: 0 | R53: 0 | S53: 0 | T53: 0 | U53: 0 | AC53: 0 | AD53: 1 | AE53: 0 | AF53: 1 | AG53: 1 | AH53: 1 | AI53: 0 | AJ53: 0 | AK53: 0 | AL53: 0 | AM53: 1 | AN53: 1 | AO53: 0 | AW53: =order!AE52 -> 0 | AX53: =order!AF52 -> 0 | AY53: =order!AG52 -> 0 | AZ53: =order!AH52 -> 0 | BA53: =order!AI52 -> 0 | BB53: =order!AJ52 -> 0 | BC53: =order!AK52 -> 0 | BD53: =order!AL52 -> 0 | ... BI53: =order!AQ52 -> 0 | BJ53: 20260706
D54: 1220022962046 | E54: Vardag Relaxed Trousers M | F54: FRV | G54: 0 | H54: 0 | I54: 0 | J54: 0 | K54: 0 | L54: 0 | M54: 0 | N54: 0 | O54: 0 | P54: 0 | Q54: 0 | R54: 0 | S54: 0 | T54: 0 | U54: 0 | AC54: 0 | AD54: 0 | AE54: 0 | AF54: 1 | AG54: 0 | AH54: 0 | AI54: 0 | AJ54: 0 | AK54: 0 | AL54: 0 | AM54: 0 | AN54: 0 | AO54: 0 | AW54: =order!AE53 -> 0 | AX54: =order!AF53 -> 0 | AY54: =order!AG53 -> 0 | AZ54: =order!AH53 -> 0 | BA54: =order!AI53 -> 0 | BB54: =order!AJ53 -> 0 | BC54: =order!AK53 -> 0 | BD54: =order!AL53 -> 0 | ... BI54: =order!AQ53 -> 0 | BJ54: 20260706
D55: 1220022962048 | E55: Vardag Relaxed Trousers M | F55: FRV | G55: 0 | H55: 0 | I55: 0 | J55: 0 | K55: 0 | L55: 0 | M55: 0 | N55: 0 | O55: 0 | P55: 0 | Q55: 0 | R55: 0 | S55: 0 | T55: 0 | U55: 0 | AC55: 0 | AD55: 0 | AE55: 0 | AF55: 1 | AG55: 0 | AH55: 0 | AI55: 0 | AJ55: 0 | AK55: 0 | AL55: 0 | AM55: 0 | AN55: 0 | AO55: 0 | AW55: =order!AE54 -> 0 | AX55: =order!AF54 -> 0 | AY55: =order!AG54 -> 0 | AZ55: =order!AH54 -> 0 | BA55: =order!AI54 -> 0 | BB55: =order!AJ54 -> 0 | BC55: =order!AK54 -> 0 | BD55: =order!AL54 -> 0 | ... BI55: =order!AQ54 -> 0 | BJ55: 20260706
D56: 12500156550L | E56: Bergtagen GTX Pro Jacket M | F56: FRV | G56: 0 | H56: 0 | I56: 0 | J56: 0 | K56: 0 | L56: 0 | M56: 0 | N56: 0 | O56: 0 | P56: 0 | Q56: 0 | R56: 0 | S56: 0 | T56: 0 | U56: 0 | AC56: 0 | AD56: 0 | AE56: 0 | AF56: 1 | AG56: 0 | AH56: 0 | AI56: 1 | AJ56: 0 | AK56: 0 | AL56: 0 | AM56: 0 | AN56: 0 | AO56: 0 | AW56: =order!AE55 -> 0 | AX56: =order!AF55 -> 0 | AY56: =order!AG55 -> 0 | AZ56: =order!AH55 -> 0 | BA56: =order!AI55 -> 0 | BB56: =order!AJ55 -> 0 | BC56: =order!AK55 -> 0 | BD56: =order!AL55 -> 0 | ... BI56: =order!AQ55 -> 0 | BJ56: 20260706
D57: 12500156550M | E57: Bergtagen GTX Pro Jacket M | F57: FRV | G57: 4 | H57: 0 | I57: 0 | J57: 0 | K57: 0 | L57: 0 | M57: 0 | N57: 0 | O57: 0 | P57: 0 | Q57: 0 | R57: 0 | S57: 0 | T57: 0 | U57: 0 | AC57: 0 | AD57: 0 | AE57: 0 | AF57: 1 | AG57: 1 | AH57: 0 | AI57: 1 | AJ57: 0 | AK57: 0 | AL57: 0 | AM57: 0 | AN57: 0 | AO57: 0 | AW57: =order!AE56 -> 0 | AX57: =order!AF56 -> 0 | AY57: =order!AG56 -> 0 | AZ57: =order!AH56 -> 0 | BA57: =order!AI56 -> 0 | BB57: =order!AJ56 -> 0 | BC57: =order!AK56 -> 0 | BD57: =order!AL56 -> 0 | ... BI57: =order!AQ56 -> 0 | BJ57: 20260706
D58: 12500156550S | E58: Bergtagen GTX Pro Jacket M | F58: FRV | G58: 1 | H58: 0 | I58: 0 | J58: 0 | K58: 0 | L58: 0 | M58: 0 | N58: 0 | O58: 0 | P58: 0 | Q58: 0 | R58: 0 | S58: 0 | T58: 0 | U58: 0 | AC58: 0 | AD58: 0 | AE58: 0 | AF58: 1 | AG58: 1 | AH58: 0 | AI58: 1 | AJ58: 0 | AK58: 0 | AL58: 0 | AM58: 0 | AN58: 0 | AO58: 0 | AW58: =order!AE57 -> 0 | AX58: =order!AF57 -> 0 | AY58: =order!AG57 -> 0 | AZ58: =order!AH57 -> 0 | BA58: =order!AI57 -> 0 | BB58: =order!AJ57 -> 0 | BC58: =order!AK57 -> 0 | BD58: =order!AL57 -> 0 | ... BI58: =order!AQ57 -> 0 | BJ58: 20260706
D59: 12500156550XL | E59: Bergtagen GTX Pro Jacket M | F59: FRV | G59: 0 | H59: 0 | I59: 0 | J59: 0 | K59: 0 | L59: 0 | M59: 0 | N59: 0 | O59: 0 | P59: 0 | Q59: 0 | R59: 0 | S59: 0 | T59: 0 | U59: 0 | AC59: 0 | AD59: 0 | AE59: 0 | AF59: 1 | AG59: 0 | AH59: 0 | AI59: 0 | AJ59: 0 | AK59: 0 | AL59: 0 | AM59: 0 | AN59: 0 | AO59: 0 | AW59: =order!AE58 -> 0 | AX59: =order!AF58 -> 0 | AY59: =order!AG58 -> 0 | AZ59: =order!AH58 -> 0 | BA59: =order!AI58 -> 0 | BB59: =order!AJ58 -> 0 | BC59: =order!AK58 -> 0 | BD59: =order!AL58 -> 0 | ... BI59: =order!AQ58 -> 0 | BJ59: 20260706
D60: 12500156550XS | E60: Bergtagen GTX Pro Jacket M | F60: FRV | G60: 0 | H60: 0 | I60: 0 | J60: 0 | K60: 0 | L60: 0 | M60: 0 | N60: 0 | O60: 0 | P60: 0 | Q60: 0 | R60: 0 | S60: 0 | T60: 0 | U60: 0 | AC60: 0 | AD60: 0 | AE60: 0 | AF60: 1 | AG60: 0 | AH60: 0 | AI60: 0 | AJ60: 0 | AK60: 0 | AL60: 0 | AM60: 0 | AN60: 0 | AO60: 0 | AW60: =order!AE59 -> 0 | AX60: =order!AF59 -> 0 | AY60: =order!AG59 -> 0 | AZ60: =order!AH59 -> 0 | BA60: =order!AI59 -> 0 | BB60: =order!AJ59 -> 0 | BC60: =order!AK59 -> 0 | BD60: =order!AL59 -> 0 | ... BI60: =order!AQ59 -> 0 | BJ60: 20260706
D61: 12500157550L | E61: Expedition X-Latt Hoodie M | F61: FRV | G61: 2 | H61: 0 | I61: 0 | J61: 0 | K61: 0 | L61: 0 | M61: 0 | N61: 0 | O61: 0 | P61: 0 | Q61: 0 | R61: 0 | S61: 0 | T61: 0 | U61: 0 | AC61: 0 | AD61: 0 | AE61: 0 | AF61: 1 | AG61: 0 | AH61: 0 | AI61: 0 | AJ61: 0 | AK61: 0 | AL61: 0 | AM61: 0 | AN61: 0 | AO61: 0 | AW61: =order!AE60 -> 0 | AX61: =order!AF60 -> 0 | AY61: =order!AG60 -> 0 | AZ61: =order!AH60 -> 0 | BA61: =order!AI60 -> 0 | BB61: =order!AJ60 -> 0 | BC61: =order!AK60 -> 0 | BD61: =order!AL60 -> 0 | ... BI61: =order!AQ60 -> 0 | BJ61: 20260706
D62: 12500157550M | E62: Expedition X-Latt Hoodie M | F62: FRV | G62: 5 | H62: 0 | I62: 0 | J62: 0 | K62: 0 | L62: 0 | M62: 0 | N62: 0 | O62: 0 | P62: 0 | Q62: 0 | R62: 0 | S62: 0 | T62: 0 | U62: 0 | AC62: 0 | AD62: 0 | AE62: 0 | AF62: 1 | AG62: 0 | AH62: 0 | AI62: 1 | AJ62: 0 | AK62: 1 | AL62: 0 | AM62: 0 | AN62: 0 | AO62: 0 | AW62: =order!AE61 -> 0 | AX62: =order!AF61 -> 0 | AY62: =order!AG61 -> 0 | AZ62: =order!AH61 -> 0 | BA62: =order!AI61 -> 0 | BB62: =order!AJ61 -> 0 | BC62: =order!AK61 -> 0 | BD62: =order!AL61 -> 0 | ... BI62: =order!AQ61 -> 0 | BJ62: 20260706
D63: 12500157550S | E63: Expedition X-Latt Hoodie M | F63: FRV | G63: 9 | H63: 0 | I63: 0 | J63: 0 | K63: 0 | L63: 0 | M63: 0 | N63: 0 | O63: 0 | P63: 0 | Q63: 0 | R63: 0 | S63: 0 | T63: 0 | U63: 0 | AC63: 0 | AD63: 0 | AE63: 0 | AF63: 2 | AG63: 0 | AH63: 0 | AI63: 1 | AJ63: 0 | AK63: 1 | AL63: 0 | AM63: 0 | AN63: 0 | AO63: 0 | AW63: =order!AE62 -> 0 | AX63: =order!AF62 -> 0 | AY63: =order!AG62 -> 0 | AZ63: =order!AH62 -> 0 | BA63: =order!AI62 -> 0 | BB63: =order!AJ62 -> 0 | BC63: =order!AK62 -> 0 | BD63: =order!AL62 -> 0 | ... BI63: =order!AQ62 -> 0 | BJ63: 20260706
D64: 12500157550XS | E64: Expedition X-Latt Hoodie M | F64: FRV | G64: 4 | H64: 0 | I64: 0 | J64: 0 | K64: 0 | L64: 0 | M64: 0 | N64: 0 | O64: 0 | P64: 0 | Q64: 0 | R64: 0 | S64: 0 | T64: 0 | U64: 0 | AC64: 0 | AD64: 0 | AE64: 0 | AF64: 2 | AG64: 0 | AH64: 0 | AI64: 1 | AJ64: 0 | AK64: 0 | AL64: 0 | AM64: 0 | AN64: 0 | AO64: 0 | AW64: =order!AE63 -> 0 | AX64: =order!AF63 -> 0 | AY64: =order!AG63 -> 0 | AZ64: =order!AH63 -> 0 | BA64: =order!AI63 -> 0 | BB64: =order!AJ63 -> 0 | BC64: =order!AK63 -> 0 | BD64: =order!AL63 -> 0 | ... BI64: =order!AQ63 -> 0 | BJ64: 20260706
D65: 12500157662L | E65: Expedition X-Latt Hoodie M | F65: FRV | G65: 2 | H65: 0 | I65: 0 | J65: 0 | K65: 0 | L65: 0 | M65: 0 | N65: 0 | O65: 0 | P65: 0 | Q65: 0 | R65: 0 | S65: 0 | T65: 0 | U65: 0 | AC65: 0 | AD65: 0 | AE65: 0 | AF65: 1 | AG65: 0 | AH65: 0 | AI65: 0 | AJ65: 0 | AK65: 0 | AL65: 0 | AM65: 0 | AN65: 0 | AO65: 0 | AW65: =order!AE64 -> 0 | AX65: =order!AF64 -> 0 | AY65: =order!AG64 -> 0 | AZ65: =order!AH64 -> 0 | BA65: =order!AI64 -> 0 | BB65: =order!AJ64 -> 0 | BC65: =order!AK64 -> 0 | BD65: =order!AL64 -> 0 | ... BI65: =order!AQ64 -> 0 | BJ65: 20260706
D66: 12500157662M | E66: Expedition X-Latt Hoodie M | F66: FRV | G66: 5 | H66: 0 | I66: 0 | J66: 0 | K66: 0 | L66: 0 | M66: 0 | N66: 0 | O66: 0 | P66: 0 | Q66: 0 | R66: 0 | S66: 0 | T66: 0 | U66: 0 | AC66: 0 | AD66: 0 | AE66: 0 | AF66: 1 | AG66: 0 | AH66: 0 | AI66: 1 | AJ66: 0 | AK66: 1 | AL66: 0 | AM66: 0 | AN66: 0 | AO66: 0 | AW66: =order!AE65 -> 0 | AX66: =order!AF65 -> 0 | AY66: =order!AG65 -> 0 | AZ66: =order!AH65 -> 0 | BA66: =order!AI65 -> 0 | BB66: =order!AJ65 -> 0 | BC66: =order!AK65 -> 0 | BD66: =order!AL65 -> 0 | ... BI66: =order!AQ65 -> 0 | BJ66: 20260706
D67: 12500157662S | E67: Expedition X-Latt Hoodie M | F67: FRV | G67: 8 | H67: 0 | I67: 0 | J67: 0 | K67: 0 | L67: 0 | M67: 0 | N67: 0 | O67: 0 | P67: 0 | Q67: 0 | R67: 0 | S67: 0 | T67: 0 | U67: 0 | AC67: 0 | AD67: 0 | AE67: 0 | AF67: 2 | AG67: 0 | AH67: 0 | AI67: 1 | AJ67: 0 | AK67: 1 | AL67: 0 | AM67: 0 | AN67: 0 | AO67: 0 | AW67: =order!AE66 -> 0 | AX67: =order!AF66 -> 0 | AY67: =order!AG66 -> 0 | AZ67: =order!AH66 -> 0 | BA67: =order!AI66 -> 0 | BB67: =order!AJ66 -> 0 | BC67: =order!AK66 -> 0 | BD67: =order!AL66 -> 0 | ... BI67: =order!AQ66 -> 0 | BJ67: 20260706
... D422: 14200222620S | E422: Vardag Skirt W | F422: FRV | G422: 0 | H422: 0 | I422: 0 | J422: 0 | K422: 0 | L422: 0 | M422: 0 | N422: 0 | O422: 0 | P422: 0 | Q422: 0 | R422: 0 | S422: 0 | T422: 0 | U422: 0 | AC422: 0 | AD422: 0 | AE422: 0 | AF422: 1 | AG422: 0 | AH422: 0 | AI422: 0 | AJ422: 1 | AK422: 0 | AL422: 1 | AM422: 0 | AN422: 1 | AO422: 0 | AW422: =order!AE421 -> 0 | AX422: =order!AF421 -> 1 | AY422: =order!AG421 -> 0 | AZ422: =order!AH421 -> 0 | BA422: =order!AI421 -> 0 | BB422: =order!AJ421 -> 0 | BC422: =order!AK421 -> 0 | BD422: =order!AL421 -> 0 | ... BI422: =order!AQ421 -> 0 | BJ422: 20260706
D423: 1420022911834 | E423: Vardag Relaxed Trousers W | F423: FRV | G423: 0 | H423: 0 | I423: 0 | J423: 0 | K423: 0 | L423: 0 | M423: 0 | N423: 0 | O423: 0 | P423: 0 | Q423: 0 | R423: 0 | S423: 0 | T423: 0 | U423: 0 | AC423: 0 | AD423: 0 | AE423: 0 | AF423: 1 | AG423: 1 | AH423: 1 | AI423: 0 | AJ423: 0 | AK423: 0 | AL423: 1 | AM423: 1 | AN423: 1 | AO423: 0 | AW423: =order!AE422 -> 0 | AX423: =order!AF422 -> 1 | AY423: =order!AG422 -> 0 | AZ423: =order!AH422 -> 0 | BA423: =order!AI422 -> 0 | BB423: =order!AJ422 -> 0 | BC423: =order!AK422 -> 0 | BD423: =order!AL422 -> 0 | ... BI423: =order!AQ422 -> 0 | BJ423: 20260706
D424: 1420022911836 | E424: Vardag Relaxed Trousers W | F424: FRV | G424: 1 | H424: 0 | I424: 0 | J424: 0 | K424: 0 | L424: 0 | M424: 0 | N424: 0 | O424: 0 | P424: 0 | Q424: 0 | R424: 0 | S424: 0 | T424: 0 | U424: 0 | AC424: 0 | AD424: 1 | AE424: 0 | AF424: 1 | AG424: 1 | AH424: 1 | AI424: 1 | AJ424: 0 | AK424: 0 | AL424: 1 | AM424: 1 | AN424: 1 | AO424: 0 | AW424: =order!AE423 -> 0 | AX424: =order!AF423 -> 0 | AY424: =order!AG423 -> 0 | AZ424: =order!AH423 -> 0 | BA424: =order!AI423 -> 0 | BB424: =order!AJ423 -> 0 | BC424: =order!AK423 -> 0 | BD424: =order!AL423 -> 0 | ... BI424: =order!AQ423 -> 0 | BJ424: 20260706
D425: 1420022911838 | E425: Vardag Relaxed Trousers W | F425: FRV | G425: 0 | H425: 0 | I425: 0 | J425: 0 | K425: 0 | L425: 0 | M425: 0 | N425: 0 | O425: 0 | P425: 0 | Q425: 0 | R425: 0 | S425: 0 | T425: 0 | U425: 0 | AC425: 0 | AD425: 1 | AE425: 0 | AF425: 0 | AG425: 1 | AH425: 1 | AI425: 1 | AJ425: 0 | AK425: 0 | AL425: 1 | AM425: 1 | AN425: 1 | AO425: 0 | AW425: =order!AE424 -> 0 | AX425: =order!AF424 -> 0 | AY425: =order!AG424 -> 0 | AZ425: =order!AH424 -> 0 | BA425: =order!AI424 -> 0 | BB425: =order!AJ424 -> 0 | BC425: =order!AK424 -> 0 | BD425: =order!AL424 -> 0 | ... BI425: =order!AQ424 -> 0 | BJ425: 20260706
D426: 1420022962034 | E426: Vardag Relaxed Trousers W | F426: FRV | G426: 0 | H426: 0 | I426: 0 | J426: 0 | K426: 0 | L426: 0 | M426: 0 | N426: 0 | O426: 0 | P426: 0 | Q426: 0 | R426: 0 | S426: 0 | T426: 0 | U426: 0 | AC426: 0 | AD426: 0 | AE426: 0 | AF426: 1 | AG426: 1 | AH426: 1 | AI426: 0 | AJ426: 0 | AK426: 0 | AL426: 1 | AM426: 1 | AN426: 1 | AO426: 0 | AW426: =order!AE425 -> 0 | AX426: =order!AF425 -> 1 | AY426: =order!AG425 -> 0 | AZ426: =order!AH425 -> 0 | BA426: =order!AI425 -> 0 | BB426: =order!AJ425 -> 0 | BC426: =order!AK425 -> 0 | BD426: =order!AL425 -> 0 | ... BI426: =order!AQ425 -> 0 | BJ426: 20260706
D427: 1420022962036 | E427: Vardag Relaxed Trousers W | F427: FRV | G427: 1 | H427: 0 | I427: 0 | J427: 0 | K427: 0 | L427: 0 | M427: 0 | N427: 0 | O427: 0 | P427: 0 | Q427: 0 | R427: 0 | S427: 0 | T427: 0 | U427: 0 | AC427: 0 | AD427: 1 | AE427: 0 | AF427: 1 | AG427: 1 | AH427: 1 | AI427: 1 | AJ427: 0 | AK427: 0 | AL427: 1 | AM427: 1 | AN427: 1 | AO427: 0 | AW427: =order!AE426 -> 0 | AX427: =order!AF426 -> 0 | AY427: =order!AG426 -> 0 | AZ427: =order!AH426 -> 0 | BA427: =order!AI426 -> 0 | BB427: =order!AJ426 -> 0 | BC427: =order!AK426 -> 0 | BD427: =order!AL426 -> 0 | ... BI427: =order!AQ426 -> 0 | BJ427: 20260706
D428: 1420022962038 | E428: Vardag Relaxed Trousers W | F428: FRV | G428: 0 | H428: 0 | I428: 0 | J428: 0 | K428: 0 | L428: 0 | M428: 0 | N428: 0 | O428: 0 | P428: 0 | Q428: 0 | R428: 0 | S428: 0 | T428: 0 | U428: 0 | AC428: 0 | AD428: 1 | AE428: 0 | AF428: 1 | AG428: 1 | AH428: 1 | AI428: 1 | AJ428: 0 | AK428: 0 | AL428: 1 | AM428: 1 | AN428: 1 | AO428: 0 | AW428: =order!AE427 -> 0 | AX428: =order!AF427 -> 0 | AY428: =order!AG427 -> 0 | AZ428: =order!AH427 -> 0 | BA428: =order!AI427 -> 0 | BB428: =order!AJ427 -> 0 | BC428: =order!AK427 -> 0 | BD428: =order!AL427 -> 0 | ... BI428: =order!AQ427 -> 0 | BJ428: 20260706
D429: 14300010550M | E429: Abisko Fjall Dress W | F429: FRV | G429: 0 | H429: 1 | I429: 0 | J429: 0 | K429: 0 | L429: 0 | M429: 0 | N429: 0 | O429: 0 | P429: 0 | Q429: 0 | R429: 0 | S429: 0 | T429: 0 | U429: 0 | AC429: 0 | AD429: 1 | AE429: 0 | AF429: 1 | AG429: 1 | AH429: 1 | AI429: 1 | AJ429: 1 | AK429: 1 | AL429: 1 | AM429: 1 | AN429: 1 | AO429: 0 | AW429: =order!AE428 -> 0 | AX429: =order!AF428 -> 0 | AY429: =order!AG428 -> 0 | AZ429: =order!AH428 -> 0 | BA429: =order!AI428 -> 0 | BB429: =order!AJ428 -> 0 | BC429: =order!AK428 -> 0 | BD429: =order!AL428 -> 0 | ... BI429: =order!AQ428 -> 0 | BJ429: 20260706
D430: 14300010550S | E430: Abisko Fjall Dress W | F430: FRV | G430: 0 | H430: 1 | I430: 0 | J430: 0 | K430: 0 | L430: 0 | M430: 0 | N430: 0 | O430: 0 | P430: 0 | Q430: 0 | R430: 0 | S430: 0 | T430: 0 | U430: 0 | AC430: 0 | AD430: 1 | AE430: 0 | AF430: 1 | AG430: 1 | AH430: 1 | AI430: 1 | AJ430: 1 | AK430: 1 | AL430: 1 | AM430: 1 | AN430: 0 | AO430: 0 | AW430: =order!AE429 -> 0 | AX430: =order!AF429 -> 0 | AY430: =order!AG429 -> 0 | AZ430: =order!AH429 -> 0 | BA430: =order!AI429 -> 0 | BB430: =order!AJ429 -> 0 | BC430: =order!AK429 -> 0 | BD430: =order!AL429 -> 0 | ... BI430: =order!AQ429 -> 0 | BJ430: 20260706
D431: 14300010550XS | E431: Abisko Fjall Dress W | F431: FRV | G431: 0 | H431: 0 | I431: 0 | J431: 0 | K431: 0 | L431: 0 | M431: 0 | N431: 0 | O431: 0 | P431: 0 | Q431: 0 | R431: 0 | S431: 0 | T431: 0 | U431: 0 | AC431: 0 | AD431: 1 | AE431: 0 | AF431: 1 | AG431: 1 | AH431: 0 | AI431: 1 | AJ431: 1 | AK431: 0 | AL431: 1 | AM431: 0 | AN431: 1 | AO431: 0 | AW431: =order!AE430 -> 0 | AX431: =order!AF430 -> 0 | AY431: =order!AG430 -> 0 | AZ431: =order!AH430 -> 0 | BA431: =order!AI430 -> 0 | BB431: =order!AJ430 -> 0 | BC431: =order!AK430 -> 0 | BD431: =order!AL430 -> 0 | ... BI431: =order!AQ430 -> 0 | BJ431: 20260706
D432: 14300010620M | E432: Abisko Fjall Dress W | F432: FRV | G432: 0 | H432: 0 | I432: 0 | J432: 0 | K432: 0 | L432: 0 | M432: 0 | N432: 0 | O432: 0 | P432: 0 | Q432: 0 | R432: 0 | S432: 0 | T432: 0 | U432: 0 | AC432: 0 | AD432: 0 | AE432: 0 | AF432: 1 | AG432: 0 | AH432: 1 | AI432: 0 | AJ432: 0 | AK432: 0 | AL432: 0 | AM432: 0 | AN432: 1 | AO432: 0 | AW432: =order!AE431 -> 0 | AX432: =order!AF431 -> 0 | AY432: =order!AG431 -> 0 | AZ432: =order!AH431 -> 0 | BA432: =order!AI431 -> 0 | BB432: =order!AJ431 -> 0 | BC432: =order!AK431 -> 0 | BD432: =order!AL431 -> 0 | ... BI432: =order!AQ431 -> 0 | BJ432: 20260706
D433: 14300010620S | E433: Abisko Fjall Dress W | F433: FRV | G433: 0 | H433: 0 | I433: 0 | J433: 0 | K433: 0 | L433: 0 | M433: 0 | N433: 0 | O433: 0 | P433: 0 | Q433: 0 | R433: 0 | S433: 0 | T433: 0 | U433: 0 | AC433: 0 | AD433: 0 | AE433: 0 | AF433: 1 | AG433: 1 | AH433: 0 | AI433: 0 | AJ433: 0 | AK433: 0 | AL433: 0 | AM433: 0 | AN433: 0 | AO433: 0 | AW433: =order!AE432 -> 0 | AX433: =order!AF432 -> 0 | AY433: =order!AG432 -> 0 | AZ433: =order!AH432 -> 0 | BA433: =order!AI432 -> 0 | BB433: =order!AJ432 -> 0 | BC433: =order!AK432 -> 0 | BD433: =order!AL432 -> 0 | ... BI433: =order!AQ432 -> 0 | BJ433: 20260706
D434: 14300010620XS | E434: Abisko Fjall Dress W | F434: FRV | G434: 0 | H434: 0 | I434: 0 | J434: 0 | K434: 0 | L434: 0 | M434: 0 | N434: 0 | O434: 0 | P434: 0 | Q434: 0 | R434: 0 | S434: 0 | T434: 0 | U434: 0 | AC434: 0 | AD434: 0 | AE434: 0 | AF434: 1 | AG434: 1 | AH434: 0 | AI434: 0 | AJ434: 0 | AK434: 0 | AL434: 0 | AM434: 0 | AN434: 0 | AO434: 0 | AW434: =order!AE433 -> 0 | AX434: =order!AF433 -> 0 | AY434: =order!AG433 -> 0 | AZ434: =order!AH433 -> 0 | BA434: =order!AI433 -> 0 | BB434: =order!AJ433 -> 0 | BC434: =order!AK433 -> 0 | BD434: =order!AL433 -> 0 | ... BI434: =order!AQ433 -> 0 | BJ434: 20260706
D435: 14300012537M | E435: Abisko Sun-hoodie Dress W | F435: FRV | G435: 8 | H435: 3 | I435: 0 | J435: 0 | K435: 0 | L435: 0 | M435: 0 | N435: 0 | O435: 0 | P435: 0 | Q435: 0 | R435: 0 | S435: 0 | T435: 0 | U435: 0 | AC435: 0 | AD435: 1 | AE435: 0 | AF435: 1 | AG435: 1 | AH435: 1 | AI435: 0 | AJ435: 1 | AK435: 1 | AL435: 1 | AM435: 0 | AN435: 1 | AO435: 0 | AW435: =order!AE434 -> 0 | AX435: =order!AF434 -> 0 | AY435: =order!AG434 -> 0 | AZ435: =order!AH434 -> 0 | BA435: =order!AI434 -> 0 | BB435: =order!AJ434 -> 0 | BC435: =order!AK434 -> 0 | BD435: =order!AL434 -> 0 | ... BI435: =order!AQ434 -> 0 | BJ435: 20260706
D436: 14300012537S | E436: Abisko Sun-hoodie Dress W | F436: FRV | G436: 8 | H436: 3 | I436: 0 | J436: 0 | K436: 0 | L436: 0 | M436: 0 | N436: 0 | O436: 0 | P436: 0 | Q436: 0 | R436: 0 | S436: 0 | T436: 0 | U436: 0 | AC436: 0 | AD436: 1 | AE436: 0 | AF436: 1 | AG436: 1 | AH436: 1 | AI436: 0 | AJ436: 1 | AK436: 1 | AL436: 1 | AM436: 0 | AN436: 1 | AO436: 0 | AW436: =order!AE435 -> 0 | AX436: =order!AF435 -> 0 | AY436: =order!AG435 -> 0 | AZ436: =order!AH435 -> 0 | BA436: =order!AI435 -> 0 | BB436: =order!AJ435 -> 0 | BC436: =order!AK435 -> 0 | BD436: =order!AL435 -> 0 | ... BI436: =order!AQ435 -> 0 | BJ436: 20260706
D437: 14300012614M | E437: Abisko Sun-hoodie Dress W | F437: FRV | G437: 6 | H437: 3 | I437: 0 | J437: 0 | K437: 0 | L437: 0 | M437: 0 | N437: 0 | O437: 0 | P437: 0 | Q437: 0 | R437: 0 | S437: 0 | T437: 0 | U437: 0 | AC437: 0 | AD437: 1 | AE437: 0 | AF437: 1 | AG437: 1 | AH437: 1 | AI437: 0 | AJ437: 1 | AK437: 1 | AL437: 1 | AM437: 0 | AN437: 1 | AO437: 0 | AW437: =order!AE436 -> 0 | AX437: =order!AF436 -> 0 | AY437: =order!AG436 -> 0 | AZ437: =order!AH436 -> 0 | BA437: =order!AI436 -> 0 | BB437: =order!AJ436 -> 0 | BC437: =order!AK436 -> 0 | BD437: =order!AL436 -> 0 | ... BI437: =order!AQ436 -> 0 | BJ437: 20260706
D438: 14300012614S | E438: Abisko Sun-hoodie Dress W | F438: FRV | G438: 6 | H438: 4 | I438: 0 | J438: 0 | K438: 0 | L438: 0 | M438: 0 | N438: 0 | O438: 0 | P438: 0 | Q438: 0 | R438: 0 | S438: 0 | T438: 0 | U438: 0 | AC438: 0 | AD438: 1 | AE438: 0 | AF438: 1 | AG438: 1 | AH438: 1 | AI438: 0 | AJ438: 1 | AK438: 1 | AL438: 1 | AM438: 0 | AN438: 1 | AO438: 0 | AW438: =order!AE437 -> 0 | AX438: =order!AF437 -> 0 | AY438: =order!AG437 -> 0 | AZ438: =order!AH437 -> 0 | BA438: =order!AI437 -> 0 | BB438: =order!AJ437 -> 0 | BC438: =order!AK437 -> 0 | BD438: =order!AL437 -> 0 | ... BI438: =order!AQ437 -> 0 | BJ438: 20260706
D439: 14300013030M | E439: ovik Hemp Dress W | F439: FRV | G439: 0 | H439: 0 | I439: 0 | J439: 0 | K439: 0 | L439: 0 | M439: 0 | N439: 0 | O439: 0 | P439: 0 | Q439: 0 | R439: 0 | S439: 0 | T439: 0 | U439: 0 | AC439: 0 | AD439: 0 | AE439: 0 | AF439: 1 | AG439: 0 | AH439: 0 | AI439: 0 | AJ439: 0 | AK439: 0 | AL439: 0 | AM439: 0 | AN439: 0 | AO439: 0 | AW439: =order!AE438 -> 0 | AX439: =order!AF438 -> 0 | AY439: =order!AG438 -> 0 | AZ439: =order!AH438 -> 0 | BA439: =order!AI438 -> 0 | BB439: =order!AJ438 -> 0 | BC439: =order!AK438 -> 0 | BD439: =order!AL438 -> 0 | ... BI439: =order!AQ438 -> 0 | BJ439: 20260706
D440: 14300013030XS | E440: ovik Hemp Dress W | F440: FRV | G440: 0 | H440: 0 | I440: 0 | J440: 0 | K440: 0 | L440: 0 | M440: 0 | N440: 0 | O440: 0 | P440: 0 | Q440: 0 | R440: 0 | S440: 0 | T440: 0 | U440: 0 | AC440: 0 | AD440: 0 | AE440: 0 | AF440: 1 | AG440: 0 | AH440: 0 | AI440: 0 | AJ440: 0 | AK440: 0 | AL440: 0 | AM440: 0 | AN440: 0 | AO440: 0 | AW440: =order!AE439 -> 0 | AX440: =order!AF439 -> 0 | AY440: =order!AG439 -> 0 | AZ440: =order!AH439 -> 0 | BA440: =order!AI439 -> 0 | BB440: =order!AJ439 -> 0 | BC440: =order!AK439 -> 0 | BD440: =order!AL439 -> 0 | ... BI440: =order!AQ439 -> 0 | BJ440: 20260706
... D1363: 77279633XL | E1363: Singi Trekking Cap | F1363: FRV | G1363: 0 | H1363: 0 | I1363: 0 | J1363: 0 | K1363: 0 | L1363: 0 | M1363: 0 | N1363: 0 | O1363: 0 | P1363: 0 | Q1363: 0 | R1363: 0 | S1363: 0 | T1363: 0 | U1363: 0 | AC1363: 0 | AD1363: 1 | AE1363: 0 | AF1363: 0 | AG1363: 1 | AH1363: 1 | AI1363: 1 | AJ1363: 2 | AK1363: 0 | AL1363: 1 | AM1363: 0 | AN1363: 1 | AO1363: 0 | AW1363: =order!AE1362 -> 0 | AX1363: =order!AF1362 -> 0 | AY1363: =order!AG1362 -> 0 | AZ1363: =order!AH1362 -> 0 | BA1363: =order!AI1362 -> 0 | BB1363: =order!AJ1362 -> 0 | BC1363: =order!AK1362 -> 0 | BD1363: =order!AL1362 -> 0 | ... BI1363: =order!AQ1362 -> 0 | BJ1363: 20260706
D1364: 7728124985 | E1364: Singi Belt 4 cm | F1364: FRV | G1364: 0 | H1364: 0 | I1364: 0 | J1364: 0 | K1364: 0 | L1364: 0 | M1364: 0 | N1364: 0 | O1364: 0 | P1364: 0 | Q1364: 0 | R1364: 0 | S1364: 0 | T1364: 0 | U1364: 0 | AC1364: 0 | AD1364: 0 | AE1364: 0 | AF1364: 0 | AG1364: 0 | AH1364: 0 | AI1364: 2 | AJ1364: 0 | AK1364: 0 | AL1364: 1 | AM1364: 0 | AN1364: 1 | AO1364: 0 | AW1364: =order!AE1363 -> 0 | AX1364: =order!AF1363 -> 0 | AY1364: =order!AG1363 -> 0 | AZ1364: =order!AH1363 -> 0 | BA1364: =order!AI1363 -> 0 | BB1364: =order!AJ1363 -> 1 | BC1364: =order!AK1363 -> 0 | BD1364: =order!AL1363 -> 0 | ... BI1364: =order!AQ1363 -> 0 | BJ1364: 20260706
D1365: 77292550S/M | E1365: Singi Gaiters | F1365: FRV | G1365: 0 | H1365: 0 | I1365: 0 | J1365: 0 | K1365: 0 | L1365: 0 | M1365: 0 | N1365: 0 | O1365: 0 | P1365: 0 | Q1365: 0 | R1365: 0 | S1365: 0 | T1365: 0 | U1365: 0 | AC1365: 0 | AD1365: 0 | AE1365: 0 | AF1365: 0 | AG1365: 1 | AH1365: 0 | AI1365: 0 | AJ1365: 0 | AK1365: 0 | AL1365: 0 | AM1365: 0 | AN1365: 0 | AO1365: 0 | AW1365: =order!AE1364 -> 0 | AX1365: =order!AF1364 -> 0 | AY1365: =order!AG1364 -> 0 | AZ1365: =order!AH1364 -> 0 | BA1365: =order!AI1364 -> 0 | BB1365: =order!AJ1364 -> 0 | BC1365: =order!AK1364 -> 0 | BD1365: =order!AL1364 -> 0 | ... BI1365: =order!AQ1364 -> 0 | BJ1365: 20260706
D1366: 77292633S/M | E1366: Singi Gaiters | F1366: FRV | G1366: 0 | H1366: 0 | I1366: 0 | J1366: 0 | K1366: 0 | L1366: 0 | M1366: 0 | N1366: 0 | O1366: 0 | P1366: 0 | Q1366: 0 | R1366: 0 | S1366: 0 | T1366: 0 | U1366: 0 | AC1366: 0 | AD1366: 0 | AE1366: 0 | AF1366: 0 | AG1366: 2 | AH1366: 0 | AI1366: 0 | AJ1366: 1 | AK1366: 0 | AL1366: 1 | AM1366: 0 | AN1366: 1 | AO1366: 0 | AW1366: =order!AE1365 -> 0 | AX1366: =order!AF1365 -> 0 | AY1366: =order!AG1365 -> 0 | AZ1366: =order!AH1365 -> 0 | BA1366: =order!AI1365 -> 0 | BB1366: =order!AJ1365 -> 1 | BC1366: =order!AK1365 -> 1 | BD1366: =order!AL1365 -> 0 | ... BI1366: =order!AQ1365 -> 0 | BJ1366: 20260706
D1367: 77295550L | E1367: Singi Field Cap | F1367: FRV | G1367: 0 | H1367: 0 | I1367: 0 | J1367: 0 | K1367: 0 | L1367: 0 | M1367: 0 | N1367: 0 | O1367: 0 | P1367: 0 | Q1367: 0 | R1367: 0 | S1367: 0 | T1367: 0 | U1367: 0 | AC1367: 0 | AD1367: 0 | AE1367: 0 | AF1367: 1 | AG1367: 0 | AH1367: 0 | AI1367: 0 | AJ1367: 0 | AK1367: 0 | AL1367: 0 | AM1367: 0 | AN1367: 0 | AO1367: 0 | AW1367: =order!AE1366 -> 0 | AX1367: =order!AF1366 -> 0 | AY1367: =order!AG1366 -> 0 | AZ1367: =order!AH1366 -> 0 | BA1367: =order!AI1366 -> 0 | BB1367: =order!AJ1366 -> 0 | BC1367: =order!AK1366 -> 0 | BD1367: =order!AL1366 -> 0 | ... BI1367: =order!AQ1366 -> 0 | BJ1367: 20260706
D1368: 77295550M | E1368: Singi Field Cap | F1368: FRV | G1368: 0 | H1368: 0 | I1368: 0 | J1368: 0 | K1368: 0 | L1368: 0 | M1368: 0 | N1368: 0 | O1368: 0 | P1368: 0 | Q1368: 0 | R1368: 0 | S1368: 0 | T1368: 0 | U1368: 0 | AC1368: 0 | AD1368: 1 | AE1368: 0 | AF1368: 1 | AG1368: 0 | AH1368: 0 | AI1368: 0 | AJ1368: 0 | AK1368: 0 | AL1368: 0 | AM1368: 0 | AN1368: 0 | AO1368: 0 | AW1368: =order!AE1367 -> 0 | AX1368: =order!AF1367 -> 0 | AY1368: =order!AG1367 -> 0 | AZ1368: =order!AH1367 -> 0 | BA1368: =order!AI1367 -> 0 | BB1368: =order!AJ1367 -> 0 | BC1368: =order!AK1367 -> 0 | BD1368: =order!AL1367 -> 0 | ... BI1368: =order!AQ1367 -> 0 | BJ1368: 20260706
D1369: 77295633L | E1369: Singi Field Cap | F1369: FRV | G1369: 0 | H1369: 0 | I1369: 0 | J1369: 0 | K1369: 0 | L1369: 0 | M1369: 0 | N1369: 0 | O1369: 0 | P1369: 0 | Q1369: 0 | R1369: 0 | S1369: 0 | T1369: 0 | U1369: 0 | AC1369: 0 | AD1369: 0 | AE1369: 0 | AF1369: 1 | AG1369: 0 | AH1369: 0 | AI1369: 0 | AJ1369: 0 | AK1369: 0 | AL1369: 0 | AM1369: 0 | AN1369: 0 | AO1369: 0 | AW1369: =order!AE1368 -> 0 | AX1369: =order!AF1368 -> 0 | AY1369: =order!AG1368 -> 0 | AZ1369: =order!AH1368 -> 0 | BA1369: =order!AI1368 -> 0 | BB1369: =order!AJ1368 -> 0 | BC1369: =order!AK1368 -> 0 | BD1369: =order!AL1368 -> 0 | ... BI1369: =order!AQ1368 -> 0 | BJ1369: 20260706
D1370: 77295633M | E1370: Singi Field Cap | F1370: FRV | G1370: 0 | H1370: 0 | I1370: 0 | J1370: 0 | K1370: 0 | L1370: 0 | M1370: 0 | N1370: 0 | O1370: 0 | P1370: 0 | Q1370: 0 | R1370: 0 | S1370: 0 | T1370: 0 | U1370: 0 | AC1370: 0 | AD1370: 2 | AE1370: 0 | AF1370: 1 | AG1370: 0 | AH1370: 0 | AI1370: 0 | AJ1370: 0 | AK1370: 0 | AL1370: 0 | AM1370: 0 | AN1370: 2 | AO1370: 0 | AW1370: =order!AE1369 -> 0 | AX1370: =order!AF1369 -> 0 | AY1370: =order!AG1369 -> 0 | AZ1370: =order!AH1369 -> 0 | BA1370: =order!AI1369 -> 0 | BB1370: =order!AJ1369 -> 0 | BC1370: =order!AK1369 -> 0 | BD1370: =order!AL1369 -> 0 | ... BI1370: =order!AQ1369 -> 0 | BJ1370: 20260706
D1371: 77297032X | E1371: Canvas Brass Belt 4 cm | F1371: FRV | G1371: 0 | H1371: 0 | I1371: 0 | J1371: 0 | K1371: 0 | L1371: 0 | M1371: 0 | N1371: 0 | O1371: 0 | P1371: 0 | Q1371: 0 | R1371: 0 | S1371: 0 | T1371: 0 | U1371: 0 | AC1371: 0 | AD1371: 2 | AE1371: 0 | AF1371: 1 | AG1371: 2 | AH1371: 2 | AI1371: 0 | AJ1371: 2 | AK1371: 0 | AL1371: 1 | AM1371: 1 | AN1371: 2 | AO1371: 0 | AW1371: =order!AE1370 -> 0 | AX1371: =order!AF1370 -> 0 | AY1371: =order!AG1370 -> 0 | AZ1371: =order!AH1370 -> 0 | BA1371: =order!AI1370 -> 0 | BB1371: =order!AJ1370 -> 0 | BC1371: =order!AK1370 -> 0 | BD1371: =order!AL1370 -> 0 | ... BI1371: =order!AQ1370 -> 0 | BJ1371: 20260706
D1372: 77297232X | E1372: Canvas Brass Belt 4 cm | F1372: FRV | G1372: 0 | H1372: 0 | I1372: 0 | J1372: 0 | K1372: 0 | L1372: 0 | M1372: 0 | N1372: 0 | O1372: 0 | P1372: 0 | Q1372: 0 | R1372: 0 | S1372: 0 | T1372: 0 | U1372: 0 | AC1372: 0 | AD1372: 1 | AE1372: 0 | AF1372: 0 | AG1372: 0 | AH1372: 0 | AI1372: 0 | AJ1372: 0 | AK1372: 0 | AL1372: 2 | AM1372: 0 | AN1372: 0 | AO1372: 0 | AW1372: =order!AE1371 -> 0 | AX1372: =order!AF1371 -> 0 | AY1372: =order!AG1371 -> 0 | AZ1372: =order!AH1371 -> 0 | BA1372: =order!AI1371 -> 0 | BB1372: =order!AJ1371 -> 0 | BC1372: =order!AK1371 -> 0 | BD1372: =order!AL1371 -> 0 | ... BI1372: =order!AQ1371 -> 0 | BJ1372: 20260706
D1373: 77297550X | E1373: Canvas Brass Belt 4 cm | F1373: FRV | G1373: 0 | H1373: 0 | I1373: 0 | J1373: 0 | K1373: 0 | L1373: 0 | M1373: 0 | N1373: 0 | O1373: 0 | P1373: 0 | Q1373: 0 | R1373: 0 | S1373: 0 | T1373: 0 | U1373: 0 | AC1373: 0 | AD1373: 2 | AE1373: 0 | AF1373: 2 | AG1373: 0 | AH1373: 0 | AI1373: 2 | AJ1373: 1 | AK1373: 0 | AL1373: 2 | AM1373: 0 | AN1373: 2 | AO1373: 0 | AW1373: =order!AE1372 -> 0 | AX1373: =order!AF1372 -> 0 | AY1373: =order!AG1372 -> 0 | AZ1373: =order!AH1372 -> 0 | BA1373: =order!AI1372 -> 2 | BB1373: =order!AJ1372 -> 0 | BC1373: =order!AK1372 -> 0 | BD1373: =order!AL1372 -> 1 | ... BI1373: =order!AQ1372 -> 0 | BJ1373: 20260706
D1374: 77297555X | E1374: Canvas Brass Belt 4 cm | F1374: FRV | G1374: 0 | H1374: 0 | I1374: 0 | J1374: 0 | K1374: 0 | L1374: 0 | M1374: 0 | N1374: 0 | O1374: 0 | P1374: 0 | Q1374: 0 | R1374: 0 | S1374: 0 | T1374: 0 | U1374: 0 | AC1374: 0 | AD1374: 2 | AE1374: 0 | AF1374: 1 | AG1374: 1 | AH1374: 2 | AI1374: 0 | AJ1374: 2 | AK1374: 0 | AL1374: 2 | AM1374: 0 | AN1374: 2 | AO1374: 0 | AW1374: =order!AE1373 -> 0 | AX1374: =order!AF1373 -> 0 | AY1374: =order!AG1373 -> 0 | AZ1374: =order!AH1373 -> 0 | BA1374: =order!AI1373 -> 0 | BB1374: =order!AJ1373 -> 0 | BC1374: =order!AK1373 -> 0 | BD1374: =order!AL1373 -> 0 | ... BI1374: =order!AQ1373 -> 0 | BJ1374: 20260706
D1375: 77297633X | E1375: Canvas Brass Belt 4 cm | F1375: FRV | G1375: 0 | H1375: 0 | I1375: 0 | J1375: 0 | K1375: 0 | L1375: 0 | M1375: 0 | N1375: 0 | O1375: 0 | P1375: 0 | Q1375: 0 | R1375: 0 | S1375: 0 | T1375: 0 | U1375: 0 | AC1375: 0 | AD1375: 0 | AE1375: 0 | AF1375: 0 | AG1375: 0 | AH1375: 1 | AI1375: 0 | AJ1375: 0 | AK1375: 0 | AL1375: 2 | AM1375: 1 | AN1375: 0 | AO1375: 0 | AW1375: =order!AE1374 -> 0 | AX1375: =order!AF1374 -> 0 | AY1375: =order!AG1374 -> 0 | AZ1375: =order!AH1374 -> 0 | BA1375: =order!AI1374 -> 0 | BB1375: =order!AJ1374 -> 0 | BC1375: =order!AK1374 -> 1 | BD1375: =order!AL1374 -> 0 | ... BI1375: =order!AQ1374 -> 0 | BJ1375: 20260706
D1376: 77302030S | E1376: Singi Heater | F1376: FRV | G1376: 0 | H1376: 0 | I1376: 0 | J1376: 0 | K1376: 0 | L1376: 0 | M1376: 0 | N1376: 0 | O1376: 0 | P1376: 0 | Q1376: 0 | R1376: 0 | S1376: 0 | T1376: 0 | U1376: 0 | AC1376: 0 | AD1376: 0 | AE1376: 0 | AF1376: 1 | AG1376: 0 | AH1376: 0 | AI1376: 0 | AJ1376: 0 | AK1376: 0 | AL1376: 0 | AM1376: 0 | AN1376: 0 | AO1376: 0 | AW1376: =order!AE1375 -> 0 | AX1376: =order!AF1375 -> 0 | AY1376: =order!AG1375 -> 0 | AZ1376: =order!AH1375 -> 0 | BA1376: =order!AI1375 -> 0 | BB1376: =order!AJ1375 -> 0 | BC1376: =order!AK1375 -> 0 | BD1376: =order!AL1375 -> 0 | ... BI1376: =order!AQ1375 -> 0 | BJ1376: 20260706
... D1574: 80724633X | E1574: Poncho | F1574: FRV | G1574: 15 | H1574: 0 | I1574: 0 | J1574: 0 | K1574: 0 | L1574: 0 | M1574: 0 | N1574: 0 | O1574: 0 | P1574: 0 | Q1574: 0 | R1574: 0 | S1574: 0 | T1574: 0 | U1574: 0 | AC1574: 1 | AD1574: 0 | AE1574: 0 | AF1574: 2 | AG1574: 0 | AH1574: 0 | AI1574: 1 | AJ1574: 0 | AK1574: 0 | AL1574: 0 | AM1574: 0 | AN1574: 0 | AO1574: 0 | AW1574: =order!AE1573 -> 0 | AX1574: =order!AF1573 -> 0 | AY1574: =order!AG1573 -> 0 | AZ1574: =order!AH1573 -> 0 | BA1574: =order!AI1573 -> 0 | BB1574: =order!AJ1573 -> 0 | BC1574: =order!AK1573 -> 0 | BD1574: =order!AL1573 -> 0 | ... BI1574: =order!AQ1573 -> 0 | BJ1574: 20260706
D1575: 8114455050 | E1575: Barents Pro Winter Trousers M | F1575: FRV | G1575: 2 | H1575: 0 | I1575: 0 | J1575: 0 | K1575: 0 | L1575: 0 | M1575: 0 | N1575: 0 | O1575: 0 | P1575: 0 | Q1575: 0 | R1575: 0 | S1575: 0 | T1575: 0 | U1575: 0 | AC1575: 0 | AD1575: 0 | AE1575: 0 | AF1575: 0 | AG1575: 0 | AH1575: 0 | AI1575: 0 | AJ1575: 0 | AK1575: 0 | AL1575: 0 | AM1575: 0 | AN1575: 0 | AO1575: 0 | AW1575: =order!AE1574 -> 0 | AX1575: =order!AF1574 -> 0 | AY1575: =order!AG1574 -> 0 | AZ1575: =order!AH1574 -> 0 | BA1575: =order!AI1574 -> 0 | BB1575: =order!AJ1574 -> 0 | BC1575: =order!AK1574 -> 0 | BD1575: =order!AL1574 -> 0 | ... BI1575: =order!AQ1574 -> 0 | BJ1575: 20260706
D1576: 8114463346 | E1576: Barents Pro Winter Trousers M | F1576: FRV | G1576: 1 | H1576: 0 | I1576: 0 | J1576: 0 | K1576: 0 | L1576: 0 | M1576: 0 | N1576: 0 | O1576: 0 | P1576: 0 | Q1576: 0 | R1576: 0 | S1576: 0 | T1576: 0 | U1576: 0 | AC1576: 0 | AD1576: 0 | AE1576: 0 | AF1576: 0 | AG1576: 0 | AH1576: 0 | AI1576: 0 | AJ1576: 0 | AK1576: 0 | AL1576: 0 | AM1576: 0 | AN1576: 0 | AO1576: 0 | AW1576: =order!AE1575 -> 0 | AX1576: =order!AF1575 -> 0 | AY1576: =order!AG1575 -> 0 | AZ1576: =order!AH1575 -> 0 | BA1576: =order!AI1575 -> 0 | BB1576: =order!AJ1575 -> 0 | BC1576: =order!AK1575 -> 0 | BD1576: =order!AL1575 -> 0 | ... BI1576: =order!AQ1575 -> 0 | BJ1576: 20260706
D1577: 8114463348 | E1577: Barents Pro Winter Trousers M | F1577: FRV | G1577: 1 | H1577: 0 | I1577: 0 | J1577: 0 | K1577: 0 | L1577: 0 | M1577: 0 | N1577: 0 | O1577: 0 | P1577: 0 | Q1577: 0 | R1577: 0 | S1577: 0 | T1577: 0 | U1577: 0 | AC1577: 0 | AD1577: 0 | AE1577: 0 | AF1577: 0 | AG1577: 0 | AH1577: 0 | AI1577: 0 | AJ1577: 0 | AK1577: 0 | AL1577: 0 | AM1577: 0 | AN1577: 0 | AO1577: 0 | AW1577: =order!AE1576 -> 0 | AX1577: =order!AF1576 -> 0 | AY1577: =order!AG1576 -> 0 | AZ1577: =order!AH1576 -> 0 | BA1577: =order!AI1576 -> 0 | BB1577: =order!AJ1576 -> 0 | BC1577: =order!AK1576 -> 0 | BD1577: =order!AL1576 -> 0 | ... BI1577: =order!AQ1576 -> 0 | BJ1577: 20260706
D1578: 8114463350 | E1578: Barents Pro Winter Trousers M | F1578: FRV | G1578: 1 | H1578: 0 | I1578: 0 | J1578: 0 | K1578: 0 | L1578: 0 | M1578: 0 | N1578: 0 | O1578: 0 | P1578: 0 | Q1578: 0 | R1578: 0 | S1578: 0 | T1578: 0 | U1578: 0 | AC1578: 0 | AD1578: 0 | AE1578: 0 | AF1578: 0 | AG1578: 0 | AH1578: 0 | AI1578: 0 | AJ1578: 0 | AK1578: 0 | AL1578: 0 | AM1578: 0 | AN1578: 0 | AO1578: 0 | AW1578: =order!AE1577 -> 0 | AX1578: =order!AF1577 -> 0 | AY1578: =order!AG1577 -> 0 | AZ1578: =order!AH1577 -> 0 | BA1578: =order!AI1577 -> 0 | BB1578: =order!AJ1577 -> 0 | BC1578: =order!AK1577 -> 0 | BD1578: =order!AL1577 -> 0 | ... BI1578: =order!AQ1577 -> 0 | BJ1578: 20260706
D1579: 81151235-622L | E1579: Abisko Midsummer Jacket M | F1579: FRV | G1579: 0 | H1579: 0 | I1579: 0 | J1579: 0 | K1579: 0 | L1579: 0 | M1579: 0 | N1579: 0 | O1579: 0 | P1579: 0 | Q1579: 0 | R1579: 0 | S1579: 0 | T1579: 0 | U1579: 0 | AC1579: 0 | AD1579: 0 | AE1579: 0 | AF1579: 1 | AG1579: 0 | AH1579: 0 | AI1579: 0 | AJ1579: 0 | AK1579: 1 | AL1579: 0 | AM1579: 0 | AN1579: 0 | AO1579: 0 | AW1579: =order!AE1578 -> 0 | AX1579: =order!AF1578 -> 0 | AY1579: =order!AG1578 -> 0 | AZ1579: =order!AH1578 -> 0 | BA1579: =order!AI1578 -> 0 | BB1579: =order!AJ1578 -> 0 | BC1579: =order!AK1578 -> 0 | BD1579: =order!AL1578 -> 0 | ... BI1579: =order!AQ1578 -> 0 | BJ1579: 20260706
D1580: 81151235-622M | E1580: Abisko Midsummer Jacket M | F1580: FRV | G1580: 0 | H1580: 0 | I1580: 0 | J1580: 0 | K1580: 0 | L1580: 0 | M1580: 0 | N1580: 0 | O1580: 0 | P1580: 0 | Q1580: 0 | R1580: 0 | S1580: 0 | T1580: 0 | U1580: 0 | AC1580: 0 | AD1580: 0 | AE1580: 0 | AF1580: 1 | AG1580: 0 | AH1580: 0 | AI1580: 0 | AJ1580: 0 | AK1580: 1 | AL1580: 0 | AM1580: 0 | AN1580: 0 | AO1580: 0 | AW1580: =order!AE1579 -> 0 | AX1580: =order!AF1579 -> 0 | AY1580: =order!AG1579 -> 0 | AZ1580: =order!AH1579 -> 0 | BA1580: =order!AI1579 -> 0 | BB1580: =order!AJ1579 -> 0 | BC1580: =order!AK1579 -> 0 | BD1580: =order!AL1579 -> 0 | ... BI1580: =order!AQ1579 -> 0 | BJ1580: 20260706
D1581: 81151235-622S | E1581: Abisko Midsummer Jacket M | F1581: FRV | G1581: 14 | H1581: 0 | I1581: 0 | J1581: 0 | K1581: 0 | L1581: 0 | M1581: 0 | N1581: 0 | O1581: 0 | P1581: 0 | Q1581: 0 | R1581: 0 | S1581: 0 | T1581: 0 | U1581: 0 | AC1581: 0 | AD1581: 0 | AE1581: 0 | AF1581: 1 | AG1581: 0 | AH1581: 0 | AI1581: 0 | AJ1581: 0 | AK1581: 1 | AL1581: 0 | AM1581: 0 | AN1581: 0 | AO1581: 0 | AW1581: =order!AE1580 -> 0 | AX1581: =order!AF1580 -> 0 | AY1581: =order!AG1580 -> 0 | AZ1581: =order!AH1580 -> 0 | BA1581: =order!AI1580 -> 0 | BB1581: =order!AJ1580 -> 0 | BC1581: =order!AK1580 -> 0 | BD1581: =order!AL1580 -> 0 | ... BI1581: =order!AQ1580 -> 0 | BJ1581: 20260706
D1582: 81152R030-55046 | E1582: Abisko Midsummer Trs M Reg | F1582: FRV | G1582: 1 | H1582: 0 | I1582: 0 | J1582: 0 | K1582: 0 | L1582: 0 | M1582: 0 | N1582: 0 | O1582: 0 | P1582: 0 | Q1582: 0 | R1582: 0 | S1582: 0 | T1582: 0 | U1582: 0 | AC1582: 0 | AD1582: 0 | AE1582: 0 | AF1582: 0 | AG1582: 0 | AH1582: 0 | AI1582: 0 | AJ1582: 0 | AK1582: 0 | AL1582: 0 | AM1582: 0 | AN1582: 0 | AO1582: 0 | AW1582: =order!AE1581 -> 0 | AX1582: =order!AF1581 -> 0 | AY1582: =order!AG1581 -> 0 | AZ1582: =order!AH1581 -> 0 | BA1582: =order!AI1581 -> 0 | BB1582: =order!AJ1581 -> 0 | BC1582: =order!AK1581 -> 0 | BD1582: =order!AL1581 -> 0 | ... BI1582: =order!AQ1581 -> 0 | BJ1582: 20260706
D1583: 81152R030-55048 | E1583: Abisko Midsummer Trs M Reg | F1583: FRV | G1583: 5 | H1583: 0 | I1583: 0 | J1583: 0 | K1583: 0 | L1583: 0 | M1583: 0 | N1583: 0 | O1583: 0 | P1583: 0 | Q1583: 0 | R1583: 0 | S1583: 0 | T1583: 0 | U1583: 0 | AC1583: 0 | AD1583: 0 | AE1583: 0 | AF1583: 0 | AG1583: 0 | AH1583: 0 | AI1583: 0 | AJ1583: 0 | AK1583: 0 | AL1583: 0 | AM1583: 0 | AN1583: 0 | AO1583: 0 | AW1583: =order!AE1582 -> 0 | AX1583: =order!AF1582 -> 0 | AY1583: =order!AG1582 -> 0 | AZ1583: =order!AH1582 -> 0 | BA1583: =order!AI1582 -> 0 | BB1583: =order!AJ1582 -> 0 | BC1583: =order!AK1582 -> 0 | BD1583: =order!AL1582 -> 0 | ... BI1583: =order!AQ1582 -> 0 | BJ1583: 20260706
D1584: 81152R030-55050 | E1584: Abisko Midsummer Trs M Reg | F1584: FRV | G1584: 1 | H1584: 0 | I1584: 0 | J1584: 0 | K1584: 0 | L1584: 0 | M1584: 0 | N1584: 0 | O1584: 0 | P1584: 0 | Q1584: 0 | R1584: 0 | S1584: 0 | T1584: 0 | U1584: 0 | AC1584: 0 | AD1584: 0 | AE1584: 0 | AF1584: 0 | AG1584: 0 | AH1584: 0 | AI1584: 0 | AJ1584: 0 | AK1584: 0 | AL1584: 0 | AM1584: 0 | AN1584: 0 | AO1584: 0 | AW1584: =order!AE1583 -> 0 | AX1584: =order!AF1583 -> 0 | AY1584: =order!AG1583 -> 0 | AZ1584: =order!AH1583 -> 0 | BA1584: =order!AI1583 -> 0 | BB1584: =order!AJ1583 -> 0 | BC1584: =order!AK1583 -> 0 | BD1584: =order!AL1583 -> 0 | ... BI1584: =order!AQ1583 -> 0 | BJ1584: 20260706
...

Sheet order
C1: =SUBTOTAL(9,C4:C3500) -> 6982 | D1: =SUBTOTAL(9,D4:D3500) -> 14299 | E1: =SUBTOTAL(9,E4:E3500) -> 0 | F1: =SUBTOTAL(9,F4:F3500) -> 0 | G1: =SUBTOTAL(9,G4:G3500) -> 0 | H1: =SUBTOTAL(9,H4:H3500) -> 0 | I1: =SUBTOTAL(9,I4:I3500) -> 0 | J1: =SUBTOTAL(9,J4:J3500) -> 1 | ... AQ1: =SUBTOTAL(9,AQ4:AQ3500) -> 83
C2: 確保 | R2: 在庫 | AE2: ORDER
A3: 商品コード | B3: 商品名 | C3: NWA | D3: RETAIL確保 | E3: ZOZO | F3: 名古屋 | G3: 丸井web | H3: YSEC | I3: TOKYO | J3: ルクア大阪 | K3: ヒュッテ | L3: 京王新宿 | M3: 6142 | N3: 玉川高島屋 | O3: NODE | P3: 大丸心斎橋 | Q3: NARITA | R3: ZOZO | S3: 名古屋 | T3: 丸井web | U3: YSEC | V3: TOKYO | W3: ルクア大阪 | X3: ヒュッテ | Y3: 京王新宿 | Z3: 6142 | AA3: 玉川高島屋 | AB3: NODE | AC3: 大丸心斎橋 | AD3: NARITA | AE3: ZOZO | AF3: 名古屋 | AG3: 丸井web | AH3: YSEC | AI3: TOKYO | AJ3: ルクア大阪 | AK3: ヒュッテ | AL3: 京王新宿 | AM3: 6142 | AN3: 玉川高島屋 | AO3: NODE | AP3: 大丸心斎橋 | AQ3: NARITA | AR3: ZOZO | AS3: 名古屋 | AT3: 丸井web | AU3: YSEC | AV3: TOKYO | AW3: ルクア大阪 | AX3: ヒュッテ | AY3: 京王新宿 | AZ3: 6142 | BA3: 玉川高島屋 | BB3: 越一 | BC3: 大丸心斎橋 | BD3: NARITA | BE3: マイナス | BF3: R | BG3: 過不足
A4: 12100003210L/XL | B4: Varmland Cap | C4: 0 | D4: 0 | E4: 0 | F4: 0 | G4: 0 | H4: 0 | I4: 0 | J4: 0 | K4: 0 | L4: 0 | M4: 0 | N4: 0 | O4: 0 | P4: 0 | Q4: 0 | R4: 0 | S4: 1 | T4: 0 | U4: 1 | V4: 0 | W4: 1 | X4: 0 | Y4: 0 | Z4: 0 | AA4: 0 | AB4: 0 | AC4: 0 | AD4: 0 | AE4: 0 | AF4: 0 | AG4: 0 | AH4: 0 | AI4: 0 | AJ4: 0 | AK4: 0 | AL4: 0 | AM4: 0 | AN4: 0 | AO4: 0 | AP4: 0 | AQ4: 0 | AR4: =E4-AE4 -> 0 | AS4: =F4-AF4 -> 0 | AT4: =G4-AG4 -> 0 | AU4: =H4-AH4 -> 0 | AV4: =I4-AI4 -> 0 | AW4: =J4-AJ4 -> 0 | AX4: =K4-AK4 -> 0 | AY4: =L4-AL4 -> 0 | ... BD4: =Q4-AQ4 -> 0 | BE4: =SUMIF(AR4:BD4,"<0",AR4:BD4) -> 0 | BF4: =IF(BE4<0,D4+BE4,D4) -> 0 | BG4: =IF(BF4<0,C4+BF4,C4) -> 0
A5: 12100003210S/M | B5: Varmland Cap | C5: 0 | D5: 0 | E5: 0 | F5: 0 | G5: 0 | H5: 0 | I5: 0 | J5: 0 | K5: 0 | L5: 0 | M5: 0 | N5: 0 | O5: 0 | P5: 0 | Q5: 0 | R5: 0 | S5: 1 | T5: 0 | U5: 1 | V5: 0 | W5: 1 | X5: 1 | Y5: 0 | Z5: 0 | AA5: 0 | AB5: 0 | AC5: 1 | AD5: 0 | AE5: 0 | AF5: 0 | AG5: 0 | AH5: 0 | AI5: 0 | AJ5: 0 | AK5: 0 | AL5: 0 | AM5: 0 | AN5: 0 | AO5: 0 | AP5: 0 | AQ5: 0 | AR5: =E5-AE5 -> 0 | AS5: =F5-AF5 -> 0 | AT5: =G5-AG5 -> 0 | AU5: =H5-AH5 -> 0 | AV5: =I5-AI5 -> 0 | AW5: =J5-AJ5 -> 0 | AX5: =K5-AK5 -> 0 | AY5: =L5-AL5 -> 0 | ... BD5: =Q5-AQ5 -> 0 | BE5: =SUMIF(AR5:BD5,"<0",AR5:BD5) -> 0 | BF5: =IF(BE5<0,D5+BE5,D5) -> 0 | BG5: =IF(BF5<0,C5+BF5,C5) -> 0
A6: 12100003625L/XL | B6: Varmland Cap | C6: 0 | D6: 0 | E6: 0 | F6: 0 | G6: 0 | H6: 0 | I6: 0 | J6: 0 | K6: 0 | L6: 0 | M6: 0 | N6: 0 | O6: 0 | P6: 0 | Q6: 0 | R6: 0 | S6: 1 | T6: 0 | U6: 1 | V6: 0 | W6: 2 | X6: 0 | Y6: 1 | Z6: 0 | AA6: 0 | AB6: 0 | AC6: 2 | AD6: 0 | AE6: 0 | AF6: 0 | AG6: 0 | AH6: 0 | AI6: 0 | AJ6: 0 | AK6: 0 | AL6: 0 | AM6: 0 | AN6: 0 | AO6: 0 | AP6: 0 | AQ6: 0 | AR6: =E6-AE6 -> 0 | AS6: =F6-AF6 -> 0 | AT6: =G6-AG6 -> 0 | AU6: =H6-AH6 -> 0 | AV6: =I6-AI6 -> 0 | AW6: =J6-AJ6 -> 0 | AX6: =K6-AK6 -> 0 | AY6: =L6-AL6 -> 0 | ... BD6: =Q6-AQ6 -> 0 | BE6: =SUMIF(AR6:BD6,"<0",AR6:BD6) -> 0 | BF6: =IF(BE6<0,D6+BE6,D6) -> 0 | BG6: =IF(BF6<0,C6+BF6,C6) -> 0
A7: 12100003625S/M | B7: Varmland Cap | C7: 0 | D7: 0 | E7: 0 | F7: 0 | G7: 0 | H7: 0 | I7: 0 | J7: 0 | K7: 0 | L7: 0 | M7: 0 | N7: 0 | O7: 0 | P7: 0 | Q7: 0 | R7: 0 | S7: 2 | T7: 0 | U7: 0 | V7: 0 | W7: 2 | X7: 2 | Y7: 2 | Z7: 0 | AA7: 2 | AB7: 0 | AC7: 1 | AD7: 0 | AE7: 0 | AF7: 0 | AG7: 0 | AH7: 0 | AI7: 0 | AJ7: 0 | AK7: 0 | AL7: 0 | AM7: 0 | AN7: 0 | AO7: 0 | AP7: 0 | AQ7: 0 | AR7: =E7-AE7 -> 0 | AS7: =F7-AF7 -> 0 | AT7: =G7-AG7 -> 0 | AU7: =H7-AH7 -> 0 | AV7: =I7-AI7 -> 0 | AW7: =J7-AJ7 -> 0 | AX7: =K7-AK7 -> 0 | AY7: =L7-AL7 -> 0 | ... BD7: =Q7-AQ7 -> 0 | BE7: =SUMIF(AR7:BD7,"<0",AR7:BD7) -> 0 | BF7: =IF(BE7<0,D7+BE7,D7) -> 0 | BG7: =IF(BF7<0,C7+BF7,C7) -> 0
A8: 12100003662L/XL | B8: Varmland Cap | C8: 0 | D8: 0 | E8: 0 | F8: 0 | G8: 0 | H8: 0 | I8: 0 | J8: 0 | K8: 0 | L8: 0 | M8: 0 | N8: 0 | O8: 0 | P8: 0 | Q8: 0 | R8: 0 | S8: 1 | T8: 0 | U8: 0 | V8: 0 | W8: 0 | X8: 0 | Y8: 0 | Z8: 0 | AA8: 0 | AB8: 0 | AC8: 0 | AD8: 0 | AE8: 0 | AF8: 0 | AG8: 0 | AH8: 0 | AI8: 0 | AJ8: 0 | AK8: 0 | AL8: 0 | AM8: 0 | AN8: 0 | AO8: 0 | AP8: 0 | AQ8: 0 | AR8: =E8-AE8 -> 0 | AS8: =F8-AF8 -> 0 | AT8: =G8-AG8 -> 0 | AU8: =H8-AH8 -> 0 | AV8: =I8-AI8 -> 0 | AW8: =J8-AJ8 -> 0 | AX8: =K8-AK8 -> 0 | AY8: =L8-AL8 -> 0 | ... BD8: =Q8-AQ8 -> 0 | BE8: =SUMIF(AR8:BD8,"<0",AR8:BD8) -> 0 | BF8: =IF(BE8<0,D8+BE8,D8) -> 0 | BG8: =IF(BF8<0,C8+BF8,C8) -> 0
A9: 12100003662S/M | B9: Varmland Cap | C9: 0 | D9: 0 | E9: 0 | F9: 0 | G9: 0 | H9: 0 | I9: 0 | J9: 0 | K9: 0 | L9: 0 | M9: 0 | N9: 0 | O9: 0 | P9: 0 | Q9: 0 | R9: 0 | S9: 1 | T9: 0 | U9: 1 | V9: 0 | W9: 1 | X9: 2 | Y9: 1 | Z9: 0 | AA9: 1 | AB9: 0 | AC9: 2 | AD9: 0 | AE9: 0 | AF9: 0 | AG9: 0 | AH9: 0 | AI9: 0 | AJ9: 0 | AK9: 0 | AL9: 0 | AM9: 0 | AN9: 0 | AO9: 0 | AP9: 0 | AQ9: 0 | AR9: =E9-AE9 -> 0 | AS9: =F9-AF9 -> 0 | AT9: =G9-AG9 -> 0 | AU9: =H9-AH9 -> 0 | AV9: =I9-AI9 -> 0 | AW9: =J9-AJ9 -> 0 | AX9: =K9-AK9 -> 0 | AY9: =L9-AL9 -> 0 | ... BD9: =Q9-AQ9 -> 0 | BE9: =SUMIF(AR9:BD9,"<0",AR9:BD9) -> 0 | BF9: =IF(BE9<0,D9+BE9,D9) -> 0 | BG9: =IF(BF9<0,C9+BF9,C9) -> 0
A10: 12100004113L/XL | B10: High Coast Wind Cap | C10: 0 | D10: 0 | E10: 0 | F10: 0 | G10: 0 | H10: 0 | I10: 0 | J10: 0 | K10: 0 | L10: 0 | M10: 0 | N10: 0 | O10: 0 | P10: 0 | Q10: 0 | R10: 0 | S10: 1 | T10: 0 | U10: 1 | V10: 1 | W10: 0 | X10: 0 | Y10: 1 | Z10: 0 | AA10: 1 | AB10: 0 | AC10: 0 | AD10: 0 | AE10: 0 | AF10: 0 | AG10: 0 | AH10: 0 | AI10: 0 | AJ10: 0 | AK10: 0 | AL10: 0 | AM10: 0 | AN10: 0 | AO10: 0 | AP10: 0 | AQ10: 0 | AR10: =E10-AE10 -> 0 | AS10: =F10-AF10 -> 0 | AT10: =G10-AG10 -> 0 | AU10: =H10-AH10 -> 0 | AV10: =I10-AI10 -> 0 | AW10: =J10-AJ10 -> 0 | AX10: =K10-AK10 -> 0 | AY10: =L10-AL10 -> 0 | ... BD10: =Q10-AQ10 -> 0 | BE10: =SUMIF(AR10:BD10,"<0",AR10:BD10) -> 0 | BF10: =IF(BE10<0,D10+BE10,D10) -> 0 | BG10: =IF(BF10<0,C10+BF10,C10) -> 0
A11: 12100004300L/XL | B11: High Coast Wind Cap | C11: 0 | D11: 0 | E11: 0 | F11: 0 | G11: 0 | H11: 0 | I11: 0 | J11: 0 | K11: 0 | L11: 0 | M11: 0 | N11: 0 | O11: 0 | P11: 0 | Q11: 0 | R11: 0 | S11: 1 | T11: 0 | U11: 0 | V11: 0 | W11: 0 | X11: 0 | Y11: 0 | Z11: 0 | AA11: 0 | AB11: 0 | AC11: 0 | AD11: 0 | AE11: 0 | AF11: 0 | AG11: 0 | AH11: 0 | AI11: 0 | AJ11: 0 | AK11: 0 | AL11: 0 | AM11: 0 | AN11: 0 | AO11: 0 | AP11: 0 | AQ11: 0 | AR11: =E11-AE11 -> 0 | AS11: =F11-AF11 -> 0 | AT11: =G11-AG11 -> 0 | AU11: =H11-AH11 -> 0 | AV11: =I11-AI11 -> 0 | AW11: =J11-AJ11 -> 0 | AX11: =K11-AK11 -> 0 | AY11: =L11-AL11 -> 0 | ... BD11: =Q11-AQ11 -> 0 | BE11: =SUMIF(AR11:BD11,"<0",AR11:BD11) -> 0 | BF11: =IF(BE11<0,D11+BE11,D11) -> 0 | BG11: =IF(BF11<0,C11+BF11,C11) -> 0
A12: 12100004300S/M | B12: High Coast Wind Cap | C12: 0 | D12: 0 | E12: 0 | F12: 0 | G12: 0 | H12: 0 | I12: 0 | J12: 0 | K12: 0 | L12: 0 | M12: 0 | N12: 0 | O12: 0 | P12: 0 | Q12: 0 | R12: 0 | S12: 1 | T12: 0 | U12: 2 | V12: 0 | W12: 2 | X12: 0 | Y12: 0 | Z12: 0 | AA12: 0 | AB12: 0 | AC12: 1 | AD12: 0 | AE12: 0 | AF12: 0 | AG12: 0 | AH12: 0 | AI12: 0 | AJ12: 0 | AK12: 0 | AL12: 0 | AM12: 0 | AN12: 0 | AO12: 0 | AP12: 0 | AQ12: 0 | AR12: =E12-AE12 -> 0 | AS12: =F12-AF12 -> 0 | AT12: =G12-AG12 -> 0 | AU12: =H12-AH12 -> 0 | AV12: =I12-AI12 -> 0 | AW12: =J12-AJ12 -> 0 | AX12: =K12-AK12 -> 0 | AY12: =L12-AL12 -> 0 | ... BD12: =Q12-AQ12 -> 0 | BE12: =SUMIF(AR12:BD12,"<0",AR12:BD12) -> 0 | BF12: =IF(BE12<0,D12+BE12,D12) -> 0 | BG12: =IF(BF12<0,C12+BF12,C12) -> 0
A13: 12100004550L/XL | B13: High Coast Wind Cap | C13: 0 | D13: 0 | E13: 0 | F13: 0 | G13: 0 | H13: 0 | I13: 0 | J13: 0 | K13: 0 | L13: 0 | M13: 0 | N13: 0 | O13: 0 | P13: 0 | Q13: 0 | R13: 0 | S13: 1 | T13: 0 | U13: 0 | V13: 0 | W13: 0 | X13: 1 | Y13: 1 | Z13: 0 | AA13: 0 | AB13: 0 | AC13: 0 | AD13: 0 | AE13: 0 | AF13: 0 | AG13: 0 | AH13: 0 | AI13: 0 | AJ13: 0 | AK13: 0 | AL13: 0 | AM13: 0 | AN13: 0 | AO13: 0 | AP13: 0 | AQ13: 0 | AR13: =E13-AE13 -> 0 | AS13: =F13-AF13 -> 0 | AT13: =G13-AG13 -> 0 | AU13: =H13-AH13 -> 0 | AV13: =I13-AI13 -> 0 | AW13: =J13-AJ13 -> 0 | AX13: =K13-AK13 -> 0 | AY13: =L13-AL13 -> 0 | ... BD13: =Q13-AQ13 -> 0 | BE13: =SUMIF(AR13:BD13,"<0",AR13:BD13) -> 0 | BF13: =IF(BE13<0,D13+BE13,D13) -> 0 | BG13: =IF(BF13<0,C13+BF13,C13) -> 0
A14: 12100004550S/M | B14: High Coast Wind Cap | C14: 0 | D14: 0 | E14: 0 | F14: 0 | G14: 0 | H14: 0 | I14: 0 | J14: 0 | K14: 0 | L14: 0 | M14: 0 | N14: 0 | O14: 0 | P14: 0 | Q14: 0 | R14: 0 | S14: 1 | T14: 0 | U14: 0 | V14: 0 | W14: 0 | X14: 1 | Y14: 2 | Z14: 0 | AA14: 0 | AB14: 0 | AC14: 0 | AD14: 0 | AE14: 0 | AF14: 0 | AG14: 0 | AH14: 0 | AI14: 0 | AJ14: 0 | AK14: 0 | AL14: 0 | AM14: 0 | AN14: 0 | AO14: 0 | AP14: 0 | AQ14: 0 | AR14: =E14-AE14 -> 0 | AS14: =F14-AF14 -> 0 | AT14: =G14-AG14 -> 0 | AU14: =H14-AH14 -> 0 | AV14: =I14-AI14 -> 0 | AW14: =J14-AJ14 -> 0 | AX14: =K14-AK14 -> 0 | AY14: =L14-AL14 -> 0 | ... BD14: =Q14-AQ14 -> 0 | BE14: =SUMIF(AR14:BD14,"<0",AR14:BD14) -> 0 | BF14: =IF(BE14<0,D14+BE14,D14) -> 0 | BG14: =IF(BF14<0,C14+BF14,C14) -> 0
A15: 12100004574-118L/XL | B15: High Coast Wind Cap | C15: 0 | D15: 0 | E15: 0 | F15: 0 | G15: 0 | H15: 0 | I15: 0 | J15: 0 | K15: 0 | L15: 0 | M15: 0 | N15: 0 | O15: 0 | P15: 0 | Q15: 0 | R15: 0 | S15: 0 | T15: 0 | U15: 0 | V15: 0 | W15: 1 | X15: 0 | Y15: 0 | Z15: 0 | AA15: 0 | AB15: 0 | AC15: 0 | AD15: 0 | AE15: 0 | AF15: 0 | AG15: 0 | AH15: 0 | AI15: 0 | AJ15: 0 | AK15: 0 | AL15: 0 | AM15: 0 | AN15: 0 | AO15: 0 | AP15: 0 | AQ15: 0 | AR15: =E15-AE15 -> 0 | AS15: =F15-AF15 -> 0 | AT15: =G15-AG15 -> 0 | AU15: =H15-AH15 -> 0 | AV15: =I15-AI15 -> 0 | AW15: =J15-AJ15 -> 0 | AX15: =K15-AK15 -> 0 | AY15: =L15-AL15 -> 0 | ... BD15: =Q15-AQ15 -> 0 | BE15: =SUMIF(AR15:BD15,"<0",AR15:BD15) -> 0 | BF15: =IF(BE15<0,D15+BE15,D15) -> 0 | BG15: =IF(BF15<0,C15+BF15,C15) -> 0
... A27: 12200190550XS | B27: Bergtagen GTX Pro Trousers M | C27: 0 | D27: 0 | E27: 0 | F27: 0 | G27: 0 | H27: 0 | I27: 0 | J27: 0 | K27: 0 | L27: 0 | M27: 0 | N27: 0 | O27: 0 | P27: 0 | Q27: 0 | R27: 0 | S27: 0 | T27: 0 | U27: 1 | V27: 0 | W27: 0 | X27: 1 | Y27: 0 | Z27: 0 | AA27: 0 | AB27: 0 | AC27: 0 | AD27: 0 | AE27: 0 | AF27: 0 | AG27: 0 | AH27: 0 | AI27: 0 | AJ27: 0 | AK27: 0 | AL27: 0 | AM27: 0 | AN27: 0 | AO27: 0 | AP27: 0 | AQ27: 0 | AR27: =E27-AE27 -> 0 | AS27: =F27-AF27 -> 0 | AT27: =G27-AG27 -> 0 | AU27: =H27-AH27 -> 0 | AV27: =I27-AI27 -> 0 | AW27: =J27-AJ27 -> 0 | AX27: =K27-AK27 -> 0 | AY27: =L27-AL27 -> 0 | ... BD27: =Q27-AQ27 -> 0 | BE27: =SUMIF(AR27:BD27,"<0",AR27:BD27) -> 0 | BF27: =IF(BE27<0,D27+BE27,D27) -> 0 | BG27: =IF(BF27<0,C27+BF27,C27) -> 0
A28: 1220019755044 | B28: Hoja Hybrid Trousers M | C28: 0 | D28: 5 | E28: 0 | F28: 0 | G28: 0 | H28: 0 | I28: 0 | J28: 0 | K28: 0 | L28: 0 | M28: 0 | N28: 0 | O28: 0 | P28: 0 | Q28: 0 | R28: 0 | S28: 1 | T28: 0 | U28: 1 | V28: 1 | W28: 1 | X28: 0 | Y28: 1 | Z28: 0 | AA28: 1 | AB28: 0 | AC28: 1 | AD28: 0 | AE28: 0 | AF28: 0 | AG28: 0 | AH28: 0 | AI28: 0 | AJ28: 0 | AK28: 0 | AL28: 0 | AM28: 0 | AN28: 0 | AO28: 0 | AP28: 0 | AQ28: 0 | AR28: =E28-AE28 -> 0 | AS28: =F28-AF28 -> 0 | AT28: =G28-AG28 -> 0 | AU28: =H28-AH28 -> 0 | AV28: =I28-AI28 -> 0 | AW28: =J28-AJ28 -> 0 | AX28: =K28-AK28 -> 0 | AY28: =L28-AL28 -> 0 | ... BD28: =Q28-AQ28 -> 0 | BE28: =SUMIF(AR28:BD28,"<0",AR28:BD28) -> 0 | BF28: =IF(BE28<0,D28+BE28,D28) -> 5 | BG28: =IF(BF28<0,C28+BF28,C28) -> 0
A29: 1220019755046 | B29: Hoja Hybrid Trousers M | C29: 1 | D29: 10 | E29: 0 | F29: 0 | G29: 0 | H29: 0 | I29: 0 | J29: 0 | K29: 0 | L29: 0 | M29: 0 | N29: 0 | O29: 0 | P29: 0 | Q29: 0 | R29: 0 | S29: 1 | T29: 0 | U29: 2 | V29: 1 | W29: 1 | X29: 1 | Y29: 1 | Z29: 0 | AA29: 1 | AB29: 0 | AC29: 1 | AD29: 0 | AE29: 0 | AF29: 0 | AG29: 0 | AH29: 0 | AI29: 0 | AJ29: 0 | AK29: 0 | AL29: 0 | AM29: 0 | AN29: 0 | AO29: 0 | AP29: 0 | AQ29: 0 | AR29: =E29-AE29 -> 0 | AS29: =F29-AF29 -> 0 | AT29: =G29-AG29 -> 0 | AU29: =H29-AH29 -> 0 | AV29: =I29-AI29 -> 0 | AW29: =J29-AJ29 -> 0 | AX29: =K29-AK29 -> 0 | AY29: =L29-AL29 -> 0 | ... BD29: =Q29-AQ29 -> 0 | BE29: =SUMIF(AR29:BD29,"<0",AR29:BD29) -> 0 | BF29: =IF(BE29<0,D29+BE29,D29) -> 10 | BG29: =IF(BF29<0,C29+BF29,C29) -> 1
A30: 1220019755048 | B30: Hoja Hybrid Trousers M | C30: 0 | D30: 7 | E30: 0 | F30: 0 | G30: 0 | H30: 0 | I30: 0 | J30: 0 | K30: 0 | L30: 0 | M30: 0 | N30: 0 | O30: 0 | P30: 0 | Q30: 0 | R30: 0 | S30: 1 | T30: 0 | U30: 1 | V30: 1 | W30: 1 | X30: 1 | Y30: 1 | Z30: 0 | AA30: 1 | AB30: 0 | AC30: 1 | AD30: 0 | AE30: 0 | AF30: 0 | AG30: 0 | AH30: 0 | AI30: 0 | AJ30: 0 | AK30: 0 | AL30: 0 | AM30: 0 | AN30: 0 | AO30: 0 | AP30: 0 | AQ30: 0 | AR30: =E30-AE30 -> 0 | AS30: =F30-AF30 -> 0 | AT30: =G30-AG30 -> 0 | AU30: =H30-AH30 -> 0 | AV30: =I30-AI30 -> 0 | AW30: =J30-AJ30 -> 0 | AX30: =K30-AK30 -> 0 | AY30: =L30-AL30 -> 0 | ... BD30: =Q30-AQ30 -> 0 | BE30: =SUMIF(AR30:BD30,"<0",AR30:BD30) -> 0 | BF30: =IF(BE30<0,D30+BE30,D30) -> 7 | BG30: =IF(BF30<0,C30+BF30,C30) -> 0
A31: 1220019755050 | B31: Hoja Hybrid Trousers M | C31: 0 | D31: 6 | E31: 0 | F31: 0 | G31: 0 | H31: 0 | I31: 0 | J31: 0 | K31: 0 | L31: 0 | M31: 0 | N31: 0 | O31: 0 | P31: 0 | Q31: 0 | R31: 0 | S31: 1 | T31: 0 | U31: 1 | V31: 1 | W31: 1 | X31: 1 | Y31: 1 | Z31: 0 | AA31: 1 | AB31: 0 | AC31: 1 | AD31: 0 | AE31: 0 | AF31: 0 | AG31: 0 | AH31: 0 | AI31: 0 | AJ31: 0 | AK31: 0 | AL31: 0 | AM31: 0 | AN31: 0 | AO31: 0 | AP31: 0 | AQ31: 0 | AR31: =E31-AE31 -> 0 | AS31: =F31-AF31 -> 0 | AT31: =G31-AG31 -> 0 | AU31: =H31-AH31 -> 0 | AV31: =I31-AI31 -> 0 | AW31: =J31-AJ31 -> 0 | AX31: =K31-AK31 -> 0 | AY31: =L31-AL31 -> 0 | ... BD31: =Q31-AQ31 -> 0 | BE31: =SUMIF(AR31:BD31,"<0",AR31:BD31) -> 0 | BF31: =IF(BE31<0,D31+BE31,D31) -> 6 | BG31: =IF(BF31<0,C31+BF31,C31) -> 0
A32: 1220019755052 | B32: Hoja Hybrid Trousers M | C32: 0 | D32: 0 | E32: 0 | F32: 0 | G32: 0 | H32: 0 | I32: 0 | J32: 0 | K32: 0 | L32: 0 | M32: 0 | N32: 0 | O32: 0 | P32: 0 | Q32: 0 | R32: 0 | S32: 0 | T32: 0 | U32: 1 | V32: 1 | W32: 0 | X32: 0 | Y32: 0 | Z32: 0 | AA32: 0 | AB32: 0 | AC32: 0 | AD32: 0 | AE32: 0 | AF32: 0 | AG32: 0 | AH32: 0 | AI32: 0 | AJ32: 0 | AK32: 0 | AL32: 0 | AM32: 0 | AN32: 0 | AO32: 0 | AP32: 0 | AQ32: 0 | AR32: =E32-AE32 -> 0 | AS32: =F32-AF32 -> 0 | AT32: =G32-AG32 -> 0 | AU32: =H32-AH32 -> 0 | AV32: =I32-AI32 -> 0 | AW32: =J32-AJ32 -> 0 | AX32: =K32-AK32 -> 0 | AY32: =L32-AL32 -> 0 | ... BD32: =Q32-AQ32 -> 0 | BE32: =SUMIF(AR32:BD32,"<0",AR32:BD32) -> 0 | BF32: =IF(BE32<0,D32+BE32,D32) -> 0 | BG32: =IF(BF32<0,C32+BF32,C32) -> 0
A33: 1220020755046 | B33: High Coast Pack Shorts M | C33: 4 | D33: 0 | E33: 0 | F33: 0 | G33: 0 | H33: 0 | I33: 0 | J33: 0 | K33: 0 | L33: 0 | M33: 0 | N33: 0 | O33: 0 | P33: 0 | Q33: 0 | R33: 0 | S33: 1 | T33: 0 | U33: 1 | V33: 1 | W33: 1 | X33: 0 | Y33: 1 | Z33: 0 | AA33: 1 | AB33: 1 | AC33: 1 | AD33: 0 | AE33: 0 | AF33: 0 | AG33: 0 | AH33: 0 | AI33: 0 | AJ33: 0 | AK33: 0 | AL33: 0 | AM33: 0 | AN33: 0 | AO33: 0 | AP33: 0 | AQ33: 0 | AR33: =E33-AE33 -> 0 | AS33: =F33-AF33 -> 0 | AT33: =G33-AG33 -> 0 | AU33: =H33-AH33 -> 0 | AV33: =I33-AI33 -> 0 | AW33: =J33-AJ33 -> 0 | AX33: =K33-AK33 -> 0 | AY33: =L33-AL33 -> 0 | ... BD33: =Q33-AQ33 -> 0 | BE33: =SUMIF(AR33:BD33,"<0",AR33:BD33) -> 0 | BF33: =IF(BE33<0,D33+BE33,D33) -> 0 | BG33: =IF(BF33<0,C33+BF33,C33) -> 4
A34: 1220020755048 | B34: High Coast Pack Shorts M | C34: 3 | D34: 0 | E34: 0 | F34: 0 | G34: 0 | H34: 0 | I34: 0 | J34: 0 | K34: 0 | L34: 0 | M34: 0 | N34: 0 | O34: 0 | P34: 0 | Q34: 0 | R34: 0 | S34: 1 | T34: 0 | U34: 1 | V34: 1 | W34: 1 | X34: 0 | Y34: 1 | Z34: 0 | AA34: 1 | AB34: 1 | AC34: 1 | AD34: 0 | AE34: 0 | AF34: 0 | AG34: 0 | AH34: 0 | AI34: 0 | AJ34: 0 | AK34: 0 | AL34: 0 | AM34: 0 | AN34: 0 | AO34: 0 | AP34: 0 | AQ34: 0 | AR34: =E34-AE34 -> 0 | AS34: =F34-AF34 -> 0 | AT34: =G34-AG34 -> 0 | AU34: =H34-AH34 -> 0 | AV34: =I34-AI34 -> 0 | AW34: =J34-AJ34 -> 0 | AX34: =K34-AK34 -> 0 | AY34: =L34-AL34 -> 0 | ... BD34: =Q34-AQ34 -> 0 | BE34: =SUMIF(AR34:BD34,"<0",AR34:BD34) -> 0 | BF34: =IF(BE34<0,D34+BE34,D34) -> 0 | BG34: =IF(BF34<0,C34+BF34,C34) -> 3
A35: 1220020755050 | B35: High Coast Pack Shorts M | C35: 2 | D35: 0 | E35: 0 | F35: 0 | G35: 0 | H35: 0 | I35: 0 | J35: 0 | K35: 0 | L35: 0 | M35: 0 | N35: 0 | O35: 0 | P35: 0 | Q35: 0 | R35: 0 | S35: 1 | T35: 0 | U35: 1 | V35: 0 | W35: 1 | X35: 0 | Y35: 1 | Z35: 0 | AA35: 1 | AB35: 1 | AC35: 1 | AD35: 0 | AE35: 0 | AF35: 0 | AG35: 0 | AH35: 0 | AI35: 1 | AJ35: 0 | AK35: 0 | AL35: 0 | AM35: 0 | AN35: 0 | AO35: 0 | AP35: 0 | AQ35: 0 | AR35: =E35-AE35 -> 0 | AS35: =F35-AF35 -> 0 | AT35: =G35-AG35 -> 0 | AU35: =H35-AH35 -> 0 | AV35: =I35-AI35 -> -1 | AW35: =J35-AJ35 -> 0 | AX35: =K35-AK35 -> 0 | AY35: =L35-AL35 -> 0 | ... BD35: =Q35-AQ35 -> 0 | BE35: =SUMIF(AR35:BD35,"<0",AR35:BD35) -> -1 | BF35: =IF(BE35<0,D35+BE35,D35) -> -1 | BG35: =IF(BF35<0,C35+BF35,C35) -> 1
A36: 1220020755052 | B36: High Coast Pack Shorts M | C36: 0 | D36: 0 | E36: 0 | F36: 0 | G36: 0 | H36: 0 | I36: 0 | J36: 0 | K36: 0 | L36: 0 | M36: 0 | N36: 0 | O36: 0 | P36: 0 | Q36: 0 | R36: 0 | S36: 1 | T36: 0 | U36: 1 | V36: 1 | W36: 1 | X36: 0 | Y36: 0 | Z36: 0 | AA36: 0 | AB36: 0 | AC36: 0 | AD36: 0 | AE36: 0 | AF36: 0 | AG36: 0 | AH36: 0 | AI36: 0 | AJ36: 0 | AK36: 0 | AL36: 0 | AM36: 0 | AN36: 0 | AO36: 0 | AP36: 0 | AQ36: 0 | AR36: =E36-AE36 -> 0 | AS36: =F36-AF36 -> 0 | AT36: =G36-AG36 -> 0 | AU36: =H36-AH36 -> 0 | AV36: =I36-AI36 -> 0 | AW36: =J36-AJ36 -> 0 | AX36: =K36-AK36 -> 0 | AY36: =L36-AL36 -> 0 | ... BD36: =Q36-AQ36 -> 0 | BE36: =SUMIF(AR36:BD36,"<0",AR36:BD36) -> 0 | BF36: =IF(BE36<0,D36+BE36,D36) -> 0 | BG36: =IF(BF36<0,C36+BF36,C36) -> 0
A37: 1220020762546 | B37: High Coast Pack Shorts M | C37: 5 | D37: 0 | E37: 0 | F37: 0 | G37: 0 | H37: 0 | I37: 0 | J37: 0 | K37: 0 | L37: 0 | M37: 0 | N37: 0 | O37: 0 | P37: 0 | Q37: 0 | R37: 0 | S37: 1 | T37: 0 | U37: 1 | V37: 1 | W37: 1 | X37: 0 | Y37: 1 | Z37: 0 | AA37: 1 | AB37: 1 | AC37: 1 | AD37: 0 | AE37: 0 | AF37: 0 | AG37: 0 | AH37: 0 | AI37: 0 | AJ37: 0 | AK37: 0 | AL37: 0 | AM37: 0 | AN37: 0 | AO37: 0 | AP37: 0 | AQ37: 0 | AR37: =E37-AE37 -> 0 | AS37: =F37-AF37 -> 0 | AT37: =G37-AG37 -> 0 | AU37: =H37-AH37 -> 0 | AV37: =I37-AI37 -> 0 | AW37: =J37-AJ37 -> 0 | AX37: =K37-AK37 -> 0 | AY37: =L37-AL37 -> 0 | ... BD37: =Q37-AQ37 -> 0 | BE37: =SUMIF(AR37:BD37,"<0",AR37:BD37) -> 0 | BF37: =IF(BE37<0,D37+BE37,D37) -> 0 | BG37: =IF(BF37<0,C37+BF37,C37) -> 5
A38: 1220020762548 | B38: High Coast Pack Shorts M | C38: 2 | D38: 0 | E38: 0 | F38: 0 | G38: 0 | H38: 0 | I38: 0 | J38: 0 | K38: 0 | L38: 0 | M38: 0 | N38: 0 | O38: 0 | P38: 0 | Q38: 0 | R38: 0 | S38: 1 | T38: 0 | U38: 1 | V38: 1 | W38: 1 | X38: 0 | Y38: 1 | Z38: 0 | AA38: 1 | AB38: 1 | AC38: 1 | AD38: 0 | AE38: 0 | AF38: 0 | AG38: 0 | AH38: 0 | AI38: 0 | AJ38: 0 | AK38: 0 | AL38: 0 | AM38: 0 | AN38: 0 | AO38: 0 | AP38: 0 | AQ38: 0 | AR38: =E38-AE38 -> 0 | AS38: =F38-AF38 -> 0 | AT38: =G38-AG38 -> 0 | AU38: =H38-AH38 -> 0 | AV38: =I38-AI38 -> 0 | AW38: =J38-AJ38 -> 0 | AX38: =K38-AK38 -> 0 | AY38: =L38-AL38 -> 0 | ... BD38: =Q38-AQ38 -> 0 | BE38: =SUMIF(AR38:BD38,"<0",AR38:BD38) -> 0 | BF38: =IF(BE38<0,D38+BE38,D38) -> 0 | BG38: =IF(BF38<0,C38+BF38,C38) -> 2
A39: 1220020762550 | B39: High Coast Pack Shorts M | C39: 3 | D39: 0 | E39: 0 | F39: 0 | G39: 0 | H39: 0 | I39: 0 | J39: 0 | K39: 0 | L39: 0 | M39: 0 | N39: 0 | O39: 0 | P39: 0 | Q39: 0 | R39: 0 | S39: 1 | T39: 0 | U39: 1 | V39: 1 | W39: 1 | X39: 0 | Y39: 1 | Z39: 0 | AA39: 1 | AB39: 1 | AC39: 1 | AD39: 0 | AE39: 0 | AF39: 0 | AG39: 0 | AH39: 0 | AI39: 0 | AJ39: 0 | AK39: 0 | AL39: 0 | AM39: 0 | AN39: 0 | AO39: 0 | AP39: 0 | AQ39: 0 | AR39: =E39-AE39 -> 0 | AS39: =F39-AF39 -> 0 | AT39: =G39-AG39 -> 0 | AU39: =H39-AH39 -> 0 | AV39: =I39-AI39 -> 0 | AW39: =J39-AJ39 -> 0 | AX39: =K39-AK39 -> 0 | AY39: =L39-AL39 -> 0 | ... BD39: =Q39-AQ39 -> 0 | BE39: =SUMIF(AR39:BD39,"<0",AR39:BD39) -> 0 | BF39: =IF(BE39<0,D39+BE39,D39) -> 0 | BG39: =IF(BF39<0,C39+BF39,C39) -> 3
A40: 12200218550L | B40: Keb GTX Trousers M | C40: 0 | D40: 0 | E40: 0 | F40: 0 | G40: 0 | H40: 0 | I40: 0 | J40: 0 | K40: 0 | L40: 0 | M40: 0 | N40: 0 | O40: 0 | P40: 0 | Q40: 0 | R40: 0 | S40: 1 | T40: 0 | U40: 0 | V40: 1 | W40: 0 | X40: 0 | Y40: 0 | Z40: 0 | AA40: 0 | AB40: 1 | AC40: 0 | AD40: 0 | AE40: 0 | AF40: 0 | AG40: 0 | AH40: 0 | AI40: 0 | AJ40: 0 | AK40: 0 | AL40: 0 | AM40: 0 | AN40: 0 | AO40: 0 | AP40: 0 | AQ40: 0 | AR40: =E40-AE40 -> 0 | AS40: =F40-AF40 -> 0 | AT40: =G40-AG40 -> 0 | AU40: =H40-AH40 -> 0 | AV40: =I40-AI40 -> 0 | AW40: =J40-AJ40 -> 0 | AX40: =K40-AK40 -> 0 | AY40: =L40-AL40 -> 0 | ... BD40: =Q40-AQ40 -> 0 | BE40: =SUMIF(AR40:BD40,"<0",AR40:BD40) -> 0 | BF40: =IF(BE40<0,D40+BE40,D40) -> 0 | BG40: =IF(BF40<0,C40+BF40,C40) -> 0
A41: 12200218550M | B41: Keb GTX Trousers M | C41: 0 | D41: 0 | E41: 0 | F41: 0 | G41: 0 | H41: 0 | I41: 0 | J41: 0 | K41: 0 | L41: 0 | M41: 0 | N41: 0 | O41: 0 | P41: 0 | Q41: 0 | R41: 0 | S41: 1 | T41: 0 | U41: 1 | V41: 0 | W41: 0 | X41: 1 | Y41: 1 | Z41: 0 | AA41: 0 | AB41: 1 | AC41: 1 | AD41: 0 | AE41: 0 | AF41: 0 | AG41: 0 | AH41: 0 | AI41: 0 | AJ41: 0 | AK41: 0 | AL41: 0 | AM41: 0 | AN41: 0 | AO41: 0 | AP41: 0 | AQ41: 0 | AR41: =E41-AE41 -> 0 | AS41: =F41-AF41 -> 0 | AT41: =G41-AG41 -> 0 | AU41: =H41-AH41 -> 0 | AV41: =I41-AI41 -> 0 | AW41: =J41-AJ41 -> 0 | AX41: =K41-AK41 -> 0 | AY41: =L41-AL41 -> 0 | ... BD41: =Q41-AQ41 -> 0 | BE41: =SUMIF(AR41:BD41,"<0",AR41:BD41) -> 0 | BF41: =IF(BE41<0,D41+BE41,D41) -> 0 | BG41: =IF(BF41<0,C41+BF41,C41) -> 0
A42: 12200218550S | B42: Keb GTX Trousers M | C42: 0 | D42: 0 | E42: 0 | F42: 0 | G42: 0 | H42: 0 | I42: 0 | J42: 0 | K42: 0 | L42: 0 | M42: 0 | N42: 0 | O42: 0 | P42: 0 | Q42: 0 | R42: 0 | S42: 1 | T42: 0 | U42: 0 | V42: 0 | W42: 1 | X42: 0 | Y42: 1 | Z42: 0 | AA42: 1 | AB42: 0 | AC42: 0 | AD42: 0 | AE42: 0 | AF42: 0 | AG42: 0 | AH42: 0 | AI42: 0 | AJ42: 0 | AK42: 0 | AL42: 0 | AM42: 0 | AN42: 0 | AO42: 0 | AP42: 0 | AQ42: 0 | AR42: =E42-AE42 -> 0 | AS42: =F42-AF42 -> 0 | AT42: =G42-AG42 -> 0 | AU42: =H42-AH42 -> 0 | AV42: =I42-AI42 -> 0 | AW42: =J42-AJ42 -> 0 | AX42: =K42-AK42 -> 0 | AY42: =L42-AL42 -> 0 | ... BD42: =Q42-AQ42 -> 0 | BE42: =SUMIF(AR42:BD42,"<0",AR42:BD42) -> 0 | BF42: =IF(BE42<0,D42+BE42,D42) -> 0 | BG42: =IF(BF42<0,C42+BF42,C42) -> 0
A43: 12200218550XS | B43: Keb GTX Trousers M | C43: 0 | D43: 0 | E43: 0 | F43: 0 | G43: 0 | H43: 0 | I43: 0 | J43: 0 | K43: 0 | L43: 0 | M43: 0 | N43: 0 | O43: 0 | P43: 0 | Q43: 0 | R43: 0 | S43: 1 | T43: 0 | U43: 1 | V43: 1 | W43: 1 | X43: 1 | Y43: 0 | Z43: 0 | AA43: 0 | AB43: 0 | AC43: 0 | AD43: 0 | AE43: 0 | AF43: 0 | AG43: 0 | AH43: 0 | AI43: 0 | AJ43: 0 | AK43: 0 | AL43: 0 | AM43: 0 | AN43: 0 | AO43: 0 | AP43: 0 | AQ43: 0 | AR43: =E43-AE43 -> 0 | AS43: =F43-AF43 -> 0 | AT43: =G43-AG43 -> 0 | AU43: =H43-AH43 -> 0 | AV43: =I43-AI43 -> 0 | AW43: =J43-AJ43 -> 0 | AX43: =K43-AK43 -> 0 | AY43: =L43-AL43 -> 0 | ... BD43: =Q43-AQ43 -> 0 | BE43: =SUMIF(AR43:BD43,"<0",AR43:BD43) -> 0 | BF43: =IF(BE43<0,D43+BE43,D43) -> 0 | BG43: =IF(BF43<0,C43+BF43,C43) -> 0
A44: 12200219537L | B44: Vardag Summer Shorts M | C44: 0 | D44: 0 | E44: 0 | F44: 0 | G44: 0 | H44: 0 | I44: 0 | J44: 0 | K44: 0 | L44: 0 | M44: 0 | N44: 0 | O44: 0 | P44: 0 | Q44: 0 | R44: 0 | S44: 0 | T44: 0 | U44: 1 | V44: 0 | W44: 0 | X44: 0 | Y44: 0 | Z44: 0 | AA44: 0 | AB44: 0 | AC44: 0 | AD44: 0 | AE44: 0 | AF44: 0 | AG44: 0 | AH44: 1 | AI44: 0 | AJ44: 0 | AK44: 0 | AL44: 0 | AM44: 0 | AN44: 0 | AO44: 0 | AP44: 0 | AQ44: 0 | AR44: =E44-AE44 -> 0 | AS44: =F44-AF44 -> 0 | AT44: =G44-AG44 -> 0 | AU44: =H44-AH44 -> -1 | AV44: =I44-AI44 -> 0 | AW44: =J44-AJ44 -> 0 | AX44: =K44-AK44 -> 0 | AY44: =L44-AL44 -> 0 | ... BD44: =Q44-AQ44 -> 0 | BE44: =SUMIF(AR44:BD44,"<0",AR44:BD44) -> -1 | BF44: =IF(BE44<0,D44+BE44,D44) -> -1 | BG44: =IF(BF44<0,C44+BF44,C44) -> -1
A45: 12200219537M | B45: Vardag Summer Shorts M | C45: 0 | D45: 0 | E45: 0 | F45: 0 | G45: 0 | H45: 0 | I45: 0 | J45: 0 | K45: 0 | L45: 0 | M45: 0 | N45: 0 | O45: 0 | P45: 0 | Q45: 0 | R45: 0 | S45: 0 | T45: 0 | U45: 1 | V45: 1 | W45: 1 | X45: 0 | Y45: 0 | Z45: 0 | AA45: 0 | AB45: 0 | AC45: 0 | AD45: 0 | AE45: 0 | AF45: 1 | AG45: 0 | AH45: 0 | AI45: 0 | AJ45: 0 | AK45: 0 | AL45: 0 | AM45: 0 | AN45: 0 | AO45: 0 | AP45: 0 | AQ45: 0 | AR45: =E45-AE45 -> 0 | AS45: =F45-AF45 -> -1 | AT45: =G45-AG45 -> 0 | AU45: =H45-AH45 -> 0 | AV45: =I45-AI45 -> 0 | AW45: =J45-AJ45 -> 0 | AX45: =K45-AK45 -> 0 | AY45: =L45-AL45 -> 0 | ... BD45: =Q45-AQ45 -> 0 | BE45: =SUMIF(AR45:BD45,"<0",AR45:BD45) -> -1 | BF45: =IF(BE45<0,D45+BE45,D45) -> -1 | BG45: =IF(BF45<0,C45+BF45,C45) -> -1
A46: 12200219537S | B46: Vardag Summer Shorts M | C46: 2 | D46: 0 | E46: 0 | F46: 0 | G46: 0 | H46: 0 | I46: 0 | J46: 0 | K46: 0 | L46: 0 | M46: 0 | N46: 0 | O46: 0 | P46: 0 | Q46: 0 | R46: 0 | S46: 1 | T46: 0 | U46: 1 | V46: 1 | W46: 1 | X46: 0 | Y46: 0 | Z46: 0 | AA46: 0 | AB46: 1 | AC46: 0 | AD46: 0 | AE46: 0 | AF46: 0 | AG46: 0 | AH46: 0 | AI46: 0 | AJ46: 0 | AK46: 0 | AL46: 0 | AM46: 0 | AN46: 0 | AO46: 0 | AP46: 0 | AQ46: 0 | AR46: =E46-AE46 -> 0 | AS46: =F46-AF46 -> 0 | AT46: =G46-AG46 -> 0 | AU46: =H46-AH46 -> 0 | AV46: =I46-AI46 -> 0 | AW46: =J46-AJ46 -> 0 | AX46: =K46-AK46 -> 0 | AY46: =L46-AL46 -> 0 | ... BD46: =Q46-AQ46 -> 0 | BE46: =SUMIF(AR46:BD46,"<0",AR46:BD46) -> 0 | BF46: =IF(BE46<0,D46+BE46,D46) -> 0 | BG46: =IF(BF46<0,C46+BF46,C46) -> 2
A47: 12200219550L | B47: Vardag Summer Shorts M | C47: 0 | D47: 0 | E47: 0 | F47: 0 | G47: 0 | H47: 0 | I47: 0 | J47: 0 | K47: 0 | L47: 0 | M47: 0 | N47: 0 | O47: 0 | P47: 0 | Q47: 0 | R47: 0 | S47: 1 | T47: 0 | U47: 1 | V47: 1 | W47: 1 | X47: 0 | Y47: 0 | Z47: 0 | AA47: 0 | AB47: 0 | AC47: 0 | AD47: 0 | AE47: 0 | AF47: 0 | AG47: 0 | AH47: 0 | AI47: 0 | AJ47: 0 | AK47: 0 | AL47: 0 | AM47: 0 | AN47: 0 | AO47: 0 | AP47: 0 | AQ47: 0 | AR47: =E47-AE47 -> 0 | AS47: =F47-AF47 -> 0 | AT47: =G47-AG47 -> 0 | AU47: =H47-AH47 -> 0 | AV47: =I47-AI47 -> 0 | AW47: =J47-AJ47 -> 0 | AX47: =K47-AK47 -> 0 | AY47: =L47-AL47 -> 0 | ... BD47: =Q47-AQ47 -> 0 | BE47: =SUMIF(AR47:BD47,"<0",AR47:BD47) -> 0 | BF47: =IF(BE47<0,D47+BE47,D47) -> 0 | BG47: =IF(BF47<0,C47+BF47,C47) -> 0
A48: 12200219550M | B48: Vardag Summer Shorts M | C48: 5 | D48: 0 | E48: 0 | F48: 0 | G48: 0 | H48: 0 | I48: 0 | J48: 0 | K48: 0 | L48: 0 | M48: 0 | N48: 0 | O48: 0 | P48: 0 | Q48: 0 | R48: 0 | S48: 1 | T48: 0 | U48: 1 | V48: 1 | W48: 1 | X48: 0 | Y48: 0 | Z48: 0 | AA48: 0 | AB48: 1 | AC48: 1 | AD48: 0 | AE48: 0 | AF48: 0 | AG48: 0 | AH48: 0 | AI48: 0 | AJ48: 0 | AK48: 0 | AL48: 0 | AM48: 0 | AN48: 0 | AO48: 0 | AP48: 0 | AQ48: 0 | AR48: =E48-AE48 -> 0 | AS48: =F48-AF48 -> 0 | AT48: =G48-AG48 -> 0 | AU48: =H48-AH48 -> 0 | AV48: =I48-AI48 -> 0 | AW48: =J48-AJ48 -> 0 | AX48: =K48-AK48 -> 0 | AY48: =L48-AL48 -> 0 | ... BD48: =Q48-AQ48 -> 0 | BE48: =SUMIF(AR48:BD48,"<0",AR48:BD48) -> 0 | BF48: =IF(BE48<0,D48+BE48,D48) -> 0 | BG48: =IF(BF48<0,C48+BF48,C48) -> 5
A49: 12200219550S | B49: Vardag Summer Shorts M | C49: 2 | D49: 0 | E49: 0 | F49: 0 | G49: 0 | H49: 0 | I49: 0 | J49: 0 | K49: 0 | L49: 0 | M49: 0 | N49: 0 | O49: 0 | P49: 0 | Q49: 0 | R49: 0 | S49: 1 | T49: 0 | U49: 1 | V49: 1 | W49: 1 | X49: 0 | Y49: 0 | Z49: 0 | AA49: 0 | AB49: 1 | AC49: 1 | AD49: 0 | AE49: 0 | AF49: 0 | AG49: 0 | AH49: 0 | AI49: 0 | AJ49: 0 | AK49: 0 | AL49: 0 | AM49: 0 | AN49: 0 | AO49: 0 | AP49: 0 | AQ49: 0 | AR49: =E49-AE49 -> 0 | AS49: =F49-AF49 -> 0 | AT49: =G49-AG49 -> 0 | AU49: =H49-AH49 -> 0 | AV49: =I49-AI49 -> 0 | AW49: =J49-AJ49 -> 0 | AX49: =K49-AK49 -> 0 | AY49: =L49-AL49 -> 0 | ... BD49: =Q49-AQ49 -> 0 | BE49: =SUMIF(AR49:BD49,"<0",AR49:BD49) -> 0 | BF49: =IF(BE49<0,D49+BE49,D49) -> 0 | BG49: =IF(BF49<0,C49+BF49,C49) -> 2
A50: 12200219625L | B50: Vardag Summer Shorts M | C50: 0 | D50: 0 | E50: 0 | F50: 0 | G50: 0 | H50: 0 | I50: 0 | J50: 0 | K50: 0 | L50: 0 | M50: 0 | N50: 0 | O50: 0 | P50: 0 | Q50: 0 | R50: 0 | S50: 0 | T50: 0 | U50: 1 | V50: 0 | W50: 0 | X50: 0 | Y50: 0 | Z50: 0 | AA50: 0 | AB50: 0 | AC50: 0 | AD50: 0 | AE50: 0 | AF50: 0 | AG50: 0 | AH50: 0 | AI50: 0 | AJ50: 0 | AK50: 0 | AL50: 0 | AM50: 0 | AN50: 0 | AO50: 0 | AP50: 0 | AQ50: 0 | AR50: =E50-AE50 -> 0 | AS50: =F50-AF50 -> 0 | AT50: =G50-AG50 -> 0 | AU50: =H50-AH50 -> 0 | AV50: =I50-AI50 -> 0 | AW50: =J50-AJ50 -> 0 | AX50: =K50-AK50 -> 0 | AY50: =L50-AL50 -> 0 | ... BD50: =Q50-AQ50 -> 0 | BE50: =SUMIF(AR50:BD50,"<0",AR50:BD50) -> 0 | BF50: =IF(BE50<0,D50+BE50,D50) -> 0 | BG50: =IF(BF50<0,C50+BF50,C50) -> 0
A51: 12200219625M | B51: Vardag Summer Shorts M | C51: 0 | D51: 0 | E51: 0 | F51: 0 | G51: 0 | H51: 0 | I51: 0 | J51: 0 | K51: 0 | L51: 0 | M51: 0 | N51: 0 | O51: 0 | P51: 0 | Q51: 0 | R51: 0 | S51: 1 | T51: 0 | U51: 0 | V51: 1 | W51: 0 | X51: 0 | Y51: 0 | Z51: 0 | AA51: 0 | AB51: 1 | AC51: 1 | AD51: 0 | AE51: 0 | AF51: 0 | AG51: 0 | AH51: 0 | AI51: 0 | AJ51: 0 | AK51: 0 | AL51: 0 | AM51: 0 | AN51: 0 | AO51: 0 | AP51: 0 | AQ51: 0 | AR51: =E51-AE51 -> 0 | AS51: =F51-AF51 -> 0 | AT51: =G51-AG51 -> 0 | AU51: =H51-AH51 -> 0 | AV51: =I51-AI51 -> 0 | AW51: =J51-AJ51 -> 0 | AX51: =K51-AK51 -> 0 | AY51: =L51-AL51 -> 0 | ... BD51: =Q51-AQ51 -> 0 | BE51: =SUMIF(AR51:BD51,"<0",AR51:BD51) -> 0 | BF51: =IF(BE51<0,D51+BE51,D51) -> 0 | BG51: =IF(BF51<0,C51+BF51,C51) -> 0
A52: 12200219625S | B52: Vardag Summer Shorts M | C52: 1 | D52: 0 | E52: 0 | F52: 0 | G52: 0 | H52: 0 | I52: 0 | J52: 0 | K52: 0 | L52: 0 | M52: 0 | N52: 0 | O52: 0 | P52: 0 | Q52: 0 | R52: 0 | S52: 1 | T52: 0 | U52: 1 | V52: 1 | W52: 1 | X52: 0 | Y52: 0 | Z52: 0 | AA52: 0 | AB52: 1 | AC52: 1 | AD52: 0 | AE52: 0 | AF52: 0 | AG52: 0 | AH52: 0 | AI52: 0 | AJ52: 0 | AK52: 0 | AL52: 0 | AM52: 0 | AN52: 0 | AO52: 0 | AP52: 0 | AQ52: 0 | AR52: =E52-AE52 -> 0 | AS52: =F52-AF52 -> 0 | AT52: =G52-AG52 -> 0 | AU52: =H52-AH52 -> 0 | AV52: =I52-AI52 -> 0 | AW52: =J52-AJ52 -> 0 | AX52: =K52-AK52 -> 0 | AY52: =L52-AL52 -> 0 | ... BD52: =Q52-AQ52 -> 0 | BE52: =SUMIF(AR52:BD52,"<0",AR52:BD52) -> 0 | BF52: =IF(BE52<0,D52+BE52,D52) -> 0 | BG52: =IF(BF52<0,C52+BF52,C52) -> 1
A53: 1220022962046 | B53: Vardag Relaxed Trousers M | C53: 0 | D53: 0 | E53: 0 | F53: 0 | G53: 0 | H53: 0 | I53: 0 | J53: 0 | K53: 0 | L53: 0 | M53: 0 | N53: 0 | O53: 0 | P53: 0 | Q53: 0 | R53: 0 | S53: 0 | T53: 0 | U53: 1 | V53: 0 | W53: 0 | X53: 0 | Y53: 0 | Z53: 0 | AA53: 0 | AB53: 0 | AC53: 0 | AD53: 0 | AE53: 0 | AF53: 0 | AG53: 0 | AH53: 0 | AI53: 0 | AJ53: 0 | AK53: 0 | AL53: 0 | AM53: 0 | AN53: 0 | AO53: 0 | AP53: 0 | AQ53: 0 | AR53: =E53-AE53 -> 0 | AS53: =F53-AF53 -> 0 | AT53: =G53-AG53 -> 0 | AU53: =H53-AH53 -> 0 | AV53: =I53-AI53 -> 0 | AW53: =J53-AJ53 -> 0 | AX53: =K53-AK53 -> 0 | AY53: =L53-AL53 -> 0 | ... BD53: =Q53-AQ53 -> 0 | BE53: =SUMIF(AR53:BD53,"<0",AR53:BD53) -> 0 | BF53: =IF(BE53<0,D53+BE53,D53) -> 0 | BG53: =IF(BF53<0,C53+BF53,C53) -> 0
A54: 1220022962048 | B54: Vardag Relaxed Trousers M | C54: 0 | D54: 0 | E54: 0 | F54: 0 | G54: 0 | H54: 0 | I54: 0 | J54: 0 | K54: 0 | L54: 0 | M54: 0 | N54: 0 | O54: 0 | P54: 0 | Q54: 0 | R54: 0 | S54: 0 | T54: 0 | U54: 1 | V54: 0 | W54: 0 | X54: 0 | Y54: 0 | Z54: 0 | AA54: 0 | AB54: 0 | AC54: 0 | AD54: 0 | AE54: 0 | AF54: 0 | AG54: 0 | AH54: 0 | AI54: 0 | AJ54: 0 | AK54: 0 | AL54: 0 | AM54: 0 | AN54: 0 | AO54: 0 | AP54: 0 | AQ54: 0 | AR54: =E54-AE54 -> 0 | AS54: =F54-AF54 -> 0 | AT54: =G54-AG54 -> 0 | AU54: =H54-AH54 -> 0 | AV54: =I54-AI54 -> 0 | AW54: =J54-AJ54 -> 0 | AX54: =K54-AK54 -> 0 | AY54: =L54-AL54 -> 0 | ... BD54: =Q54-AQ54 -> 0 | BE54: =SUMIF(AR54:BD54,"<0",AR54:BD54) -> 0 | BF54: =IF(BE54<0,D54+BE54,D54) -> 0 | BG54: =IF(BF54<0,C54+BF54,C54) -> 0
A55: 12500156550L | B55: Bergtagen GTX Pro Jacket M | C55: 0 | D55: 0 | E55: 0 | F55: 0 | G55: 0 | H55: 0 | I55: 0 | J55: 0 | K55: 0 | L55: 0 | M55: 0 | N55: 0 | O55: 0 | P55: 0 | Q55: 0 | R55: 0 | S55: 0 | T55: 0 | U55: 1 | V55: 0 | W55: 0 | X55: 1 | Y55: 0 | Z55: 0 | AA55: 0 | AB55: 0 | AC55: 0 | AD55: 0 | AE55: 0 | AF55: 0 | AG55: 0 | AH55: 0 | AI55: 0 | AJ55: 0 | AK55: 0 | AL55: 0 | AM55: 0 | AN55: 0 | AO55: 0 | AP55: 0 | AQ55: 0 | AR55: =E55-AE55 -> 0 | AS55: =F55-AF55 -> 0 | AT55: =G55-AG55 -> 0 | AU55: =H55-AH55 -> 0 | AV55: =I55-AI55 -> 0 | AW55: =J55-AJ55 -> 0 | AX55: =K55-AK55 -> 0 | AY55: =L55-AL55 -> 0 | ... BD55: =Q55-AQ55 -> 0 | BE55: =SUMIF(AR55:BD55,"<0",AR55:BD55) -> 0 | BF55: =IF(BE55<0,D55+BE55,D55) -> 0 | BG55: =IF(BF55<0,C55+BF55,C55) -> 0
A56: 12500156550M | B56: Bergtagen GTX Pro Jacket M | C56: 4 | D56: 0 | E56: 0 | F56: 0 | G56: 0 | H56: 0 | I56: 0 | J56: 0 | K56: 0 | L56: 0 | M56: 0 | N56: 0 | O56: 0 | P56: 0 | Q56: 0 | R56: 0 | S56: 0 | T56: 0 | U56: 1 | V56: 1 | W56: 0 | X56: 1 | Y56: 0 | Z56: 0 | AA56: 0 | AB56: 0 | AC56: 0 | AD56: 0 | AE56: 0 | AF56: 0 | AG56: 0 | AH56: 0 | AI56: 0 | AJ56: 0 | AK56: 0 | AL56: 0 | AM56: 0 | AN56: 0 | AO56: 0 | AP56: 0 | AQ56: 0 | AR56: =E56-AE56 -> 0 | AS56: =F56-AF56 -> 0 | AT56: =G56-AG56 -> 0 | AU56: =H56-AH56 -> 0 | AV56: =I56-AI56 -> 0 | AW56: =J56-AJ56 -> 0 | AX56: =K56-AK56 -> 0 | AY56: =L56-AL56 -> 0 | ... BD56: =Q56-AQ56 -> 0 | BE56: =SUMIF(AR56:BD56,"<0",AR56:BD56) -> 0 | BF56: =IF(BE56<0,D56+BE56,D56) -> 0 | BG56: =IF(BF56<0,C56+BF56,C56) -> 4
A57: 12500156550S | B57: Bergtagen GTX Pro Jacket M | C57: 1 | D57: 0 | E57: 0 | F57: 0 | G57: 0 | H57: 0 | I57: 0 | J57: 0 | K57: 0 | L57: 0 | M57: 0 | N57: 0 | O57: 0 | P57: 0 | Q57: 0 | R57: 0 | S57: 0 | T57: 0 | U57: 1 | V57: 1 | W57: 0 | X57: 1 | Y57: 0 | Z57: 0 | AA57: 0 | AB57: 0 | AC57: 0 | AD57: 0 | AE57: 0 | AF57: 0 | AG57: 0 | AH57: 0 | AI57: 0 | AJ57: 0 | AK57: 0 | AL57: 0 | AM57: 0 | AN57: 0 | AO57: 0 | AP57: 0 | AQ57: 0 | AR57: =E57-AE57 -> 0 | AS57: =F57-AF57 -> 0 | AT57: =G57-AG57 -> 0 | AU57: =H57-AH57 -> 0 | AV57: =I57-AI57 -> 0 | AW57: =J57-AJ57 -> 0 | AX57: =K57-AK57 -> 0 | AY57: =L57-AL57 -> 0 | ... BD57: =Q57-AQ57 -> 0 | BE57: =SUMIF(AR57:BD57,"<0",AR57:BD57) -> 0 | BF57: =IF(BE57<0,D57+BE57,D57) -> 0 | BG57: =IF(BF57<0,C57+BF57,C57) -> 1
A58: 12500156550XL | B58: Bergtagen GTX Pro Jacket M | C58: 0 | D58: 0 | E58: 0 | F58: 0 | G58: 0 | H58: 0 | I58: 0 | J58: 0 | K58: 0 | L58: 0 | M58: 0 | N58: 0 | O58: 0 | P58: 0 | Q58: 0 | R58: 0 | S58: 0 | T58: 0 | U58: 1 | V58: 0 | W58: 0 | X58: 0 | Y58: 0 | Z58: 0 | AA58: 0 | AB58: 0 | AC58: 0 | AD58: 0 | AE58: 0 | AF58: 0 | AG58: 0 | AH58: 0 | AI58: 0 | AJ58: 0 | AK58: 0 | AL58: 0 | AM58: 0 | AN58: 0 | AO58: 0 | AP58: 0 | AQ58: 0 | AR58: =E58-AE58 -> 0 | AS58: =F58-AF58 -> 0 | AT58: =G58-AG58 -> 0 | AU58: =H58-AH58 -> 0 | AV58: =I58-AI58 -> 0 | AW58: =J58-AJ58 -> 0 | AX58: =K58-AK58 -> 0 | AY58: =L58-AL58 -> 0 | ... BD58: =Q58-AQ58 -> 0 | BE58: =SUMIF(AR58:BD58,"<0",AR58:BD58) -> 0 | BF58: =IF(BE58<0,D58+BE58,D58) -> 0 | BG58: =IF(BF58<0,C58+BF58,C58) -> 0
A59: 12500156550XS | B59: Bergtagen GTX Pro Jacket M | C59: 0 | D59: 0 | E59: 0 | F59: 0 | G59: 0 | H59: 0 | I59: 0 | J59: 0 | K59: 0 | L59: 0 | M59: 0 | N59: 0 | O59: 0 | P59: 0 | Q59: 0 | R59: 0 | S59: 0 | T59: 0 | U59: 1 | V59: 0 | W59: 0 | X59: 0 | Y59: 0 | Z59: 0 | AA59: 0 | AB59: 0 | AC59: 0 | AD59: 0 | AE59: 0 | AF59: 0 | AG59: 0 | AH59: 0 | AI59: 0 | AJ59: 0 | AK59: 0 | AL59: 0 | AM59: 0 | AN59: 0 | AO59: 0 | AP59: 0 | AQ59: 0 | AR59: =E59-AE59 -> 0 | AS59: =F59-AF59 -> 0 | AT59: =G59-AG59 -> 0 | AU59: =H59-AH59 -> 0 | AV59: =I59-AI59 -> 0 | AW59: =J59-AJ59 -> 0 | AX59: =K59-AK59 -> 0 | AY59: =L59-AL59 -> 0 | ... BD59: =Q59-AQ59 -> 0 | BE59: =SUMIF(AR59:BD59,"<0",AR59:BD59) -> 0 | BF59: =IF(BE59<0,D59+BE59,D59) -> 0 | BG59: =IF(BF59<0,C59+BF59,C59) -> 0
A60: 12500157550L | B60: Expedition X-Latt Hoodie M | C60: 2 | D60: 0 | E60: 0 | F60: 0 | G60: 0 | H60: 0 | I60: 0 | J60: 0 | K60: 0 | L60: 0 | M60: 0 | N60: 0 | O60: 0 | P60: 0 | Q60: 0 | R60: 0 | S60: 0 | T60: 0 | U60: 1 | V60: 0 | W60: 0 | X60: 0 | Y60: 0 | Z60: 0 | AA60: 0 | AB60: 0 | AC60: 0 | AD60: 0 | AE60: 0 | AF60: 0 | AG60: 0 | AH60: 0 | AI60: 0 | AJ60: 0 | AK60: 0 | AL60: 0 | AM60: 0 | AN60: 0 | AO60: 0 | AP60: 0 | AQ60: 0 | AR60: =E60-AE60 -> 0 | AS60: =F60-AF60 -> 0 | AT60: =G60-AG60 -> 0 | AU60: =H60-AH60 -> 0 | AV60: =I60-AI60 -> 0 | AW60: =J60-AJ60 -> 0 | AX60: =K60-AK60 -> 0 | AY60: =L60-AL60 -> 0 | ... BD60: =Q60-AQ60 -> 0 | BE60: =SUMIF(AR60:BD60,"<0",AR60:BD60) -> 0 | BF60: =IF(BE60<0,D60+BE60,D60) -> 0 | BG60: =IF(BF60<0,C60+BF60,C60) -> 2
A61: 12500157550M | B61: Expedition X-Latt Hoodie M | C61: 5 | D61: 0 | E61: 0 | F61: 0 | G61: 0 | H61: 0 | I61: 0 | J61: 0 | K61: 0 | L61: 0 | M61: 0 | N61: 0 | O61: 0 | P61: 0 | Q61: 0 | R61: 0 | S61: 0 | T61: 0 | U61: 1 | V61: 0 | W61: 0 | X61: 1 | Y61: 0 | Z61: 1 | AA61: 0 | AB61: 0 | AC61: 0 | AD61: 0 | AE61: 0 | AF61: 0 | AG61: 0 | AH61: 0 | AI61: 0 | AJ61: 0 | AK61: 0 | AL61: 0 | AM61: 0 | AN61: 0 | AO61: 0 | AP61: 0 | AQ61: 0 | AR61: =E61-AE61 -> 0 | AS61: =F61-AF61 -> 0 | AT61: =G61-AG61 -> 0 | AU61: =H61-AH61 -> 0 | AV61: =I61-AI61 -> 0 | AW61: =J61-AJ61 -> 0 | AX61: =K61-AK61 -> 0 | AY61: =L61-AL61 -> 0 | ... BD61: =Q61-AQ61 -> 0 | BE61: =SUMIF(AR61:BD61,"<0",AR61:BD61) -> 0 | BF61: =IF(BE61<0,D61+BE61,D61) -> 0 | BG61: =IF(BF61<0,C61+BF61,C61) -> 5
A62: 12500157550S | B62: Expedition X-Latt Hoodie M | C62: 9 | D62: 0 | E62: 0 | F62: 0 | G62: 0 | H62: 0 | I62: 0 | J62: 0 | K62: 0 | L62: 0 | M62: 0 | N62: 0 | O62: 0 | P62: 0 | Q62: 0 | R62: 0 | S62: 0 | T62: 0 | U62: 2 | V62: 0 | W62: 0 | X62: 1 | Y62: 0 | Z62: 1 | AA62: 0 | AB62: 0 | AC62: 0 | AD62: 0 | AE62: 0 | AF62: 0 | AG62: 0 | AH62: 0 | AI62: 0 | AJ62: 0 | AK62: 0 | AL62: 0 | AM62: 0 | AN62: 0 | AO62: 0 | AP62: 0 | AQ62: 0 | AR62: =E62-AE62 -> 0 | AS62: =F62-AF62 -> 0 | AT62: =G62-AG62 -> 0 | AU62: =H62-AH62 -> 0 | AV62: =I62-AI62 -> 0 | AW62: =J62-AJ62 -> 0 | AX62: =K62-AK62 -> 0 | AY62: =L62-AL62 -> 0 | ... BD62: =Q62-AQ62 -> 0 | BE62: =SUMIF(AR62:BD62,"<0",AR62:BD62) -> 0 | BF62: =IF(BE62<0,D62+BE62,D62) -> 0 | BG62: =IF(BF62<0,C62+BF62,C62) -> 9
A63: 12500157550XS | B63: Expedition X-Latt Hoodie M | C63: 4 | D63: 0 | E63: 0 | F63: 0 | G63: 0 | H63: 0 | I63: 0 | J63: 0 | K63: 0 | L63: 0 | M63: 0 | N63: 0 | O63: 0 | P63: 0 | Q63: 0 | R63: 0 | S63: 0 | T63: 0 | U63: 2 | V63: 0 | W63: 0 | X63: 1 | Y63: 0 | Z63: 0 | AA63: 0 | AB63: 0 | AC63: 0 | AD63: 0 | AE63: 0 | AF63: 0 | AG63: 0 | AH63: 0 | AI63: 0 | AJ63: 0 | AK63: 0 | AL63: 0 | AM63: 0 | AN63: 0 | AO63: 0 | AP63: 0 | AQ63: 0 | AR63: =E63-AE63 -> 0 | AS63: =F63-AF63 -> 0 | AT63: =G63-AG63 -> 0 | AU63: =H63-AH63 -> 0 | AV63: =I63-AI63 -> 0 | AW63: =J63-AJ63 -> 0 | AX63: =K63-AK63 -> 0 | AY63: =L63-AL63 -> 0 | ... BD63: =Q63-AQ63 -> 0 | BE63: =SUMIF(AR63:BD63,"<0",AR63:BD63) -> 0 | BF63: =IF(BE63<0,D63+BE63,D63) -> 0 | BG63: =IF(BF63<0,C63+BF63,C63) -> 4
A64: 12500157662L | B64: Expedition X-Latt Hoodie M | C64: 2 | D64: 0 | E64: 0 | F64: 0 | G64: 0 | H64: 0 | I64: 0 | J64: 0 | K64: 0 | L64: 0 | M64: 0 | N64: 0 | O64: 0 | P64: 0 | Q64: 0 | R64: 0 | S64: 0 | T64: 0 | U64: 1 | V64: 0 | W64: 0 | X64: 0 | Y64: 0 | Z64: 0 | AA64: 0 | AB64: 0 | AC64: 0 | AD64: 0 | AE64: 0 | AF64: 0 | AG64: 0 | AH64: 0 | AI64: 0 | AJ64: 0 | AK64: 0 | AL64: 0 | AM64: 0 | AN64: 0 | AO64: 0 | AP64: 0 | AQ64: 0 | AR64: =E64-AE64 -> 0 | AS64: =F64-AF64 -> 0 | AT64: =G64-AG64 -> 0 | AU64: =H64-AH64 -> 0 | AV64: =I64-AI64 -> 0 | AW64: =J64-AJ64 -> 0 | AX64: =K64-AK64 -> 0 | AY64: =L64-AL64 -> 0 | ... BD64: =Q64-AQ64 -> 0 | BE64: =SUMIF(AR64:BD64,"<0",AR64:BD64) -> 0 | BF64: =IF(BE64<0,D64+BE64,D64) -> 0 | BG64: =IF(BF64<0,C64+BF64,C64) -> 2
A65: 12500157662M | B65: Expedition X-Latt Hoodie M | C65: 5 | D65: 0 | E65: 0 | F65: 0 | G65: 0 | H65: 0 | I65: 0 | J65: 0 | K65: 0 | L65: 0 | M65: 0 | N65: 0 | O65: 0 | P65: 0 | Q65: 0 | R65: 0 | S65: 0 | T65: 0 | U65: 1 | V65: 0 | W65: 0 | X65: 1 | Y65: 0 | Z65: 1 | AA65: 0 | AB65: 0 | AC65: 0 | AD65: 0 | AE65: 0 | AF65: 0 | AG65: 0 | AH65: 0 | AI65: 0 | AJ65: 0 | AK65: 0 | AL65: 0 | AM65: 0 | AN65: 0 | AO65: 0 | AP65: 0 | AQ65: 0 | AR65: =E65-AE65 -> 0 | AS65: =F65-AF65 -> 0 | AT65: =G65-AG65 -> 0 | AU65: =H65-AH65 -> 0 | AV65: =I65-AI65 -> 0 | AW65: =J65-AJ65 -> 0 | AX65: =K65-AK65 -> 0 | AY65: =L65-AL65 -> 0 | ... BD65: =Q65-AQ65 -> 0 | BE65: =SUMIF(AR65:BD65,"<0",AR65:BD65) -> 0 | BF65: =IF(BE65<0,D65+BE65,D65) -> 0 | BG65: =IF(BF65<0,C65+BF65,C65) -> 5
A66: 12500157662S | B66: Expedition X-Latt Hoodie M | C66: 8 | D66: 0 | E66: 0 | F66: 0 | G66: 0 | H66: 0 | I66: 0 | J66: 0 | K66: 0 | L66: 0 | M66: 0 | N66: 0 | O66: 0 | P66: 0 | Q66: 0 | R66: 0 | S66: 0 | T66: 0 | U66: 2 | V66: 0 | W66: 0 | X66: 1 | Y66: 0 | Z66: 1 | AA66: 0 | AB66: 0 | AC66: 0 | AD66: 0 | AE66: 0 | AF66: 0 | AG66: 0 | AH66: 0 | AI66: 0 | AJ66: 0 | AK66: 0 | AL66: 0 | AM66: 0 | AN66: 0 | AO66: 0 | AP66: 0 | AQ66: 0 | AR66: =E66-AE66 -> 0 | AS66: =F66-AF66 -> 0 | AT66: =G66-AG66 -> 0 | AU66: =H66-AH66 -> 0 | AV66: =I66-AI66 -> 0 | AW66: =J66-AJ66 -> 0 | AX66: =K66-AK66 -> 0 | AY66: =L66-AL66 -> 0 | ... BD66: =Q66-AQ66 -> 0 | BE66: =SUMIF(AR66:BD66,"<0",AR66:BD66) -> 0 | BF66: =IF(BE66<0,D66+BE66,D66) -> 0 | BG66: =IF(BF66<0,C66+BF66,C66) -> 8
... A421: 14200222620S | B421: Vardag Skirt W | C421: 0 | D421: 0 | E421: 0 | F421: 0 | G421: 0 | H421: 0 | I421: 0 | J421: 0 | K421: 0 | L421: 0 | M421: 0 | N421: 0 | O421: 0 | P421: 0 | Q421: 0 | R421: 0 | S421: 0 | T421: 0 | U421: 1 | V421: 0 | W421: 0 | X421: 0 | Y421: 1 | Z421: 0 | AA421: 1 | AB421: 0 | AC421: 1 | AD421: 0 | AE421: 0 | AF421: 1 | AG421: 0 | AH421: 0 | AI421: 0 | AJ421: 0 | AK421: 0 | AL421: 0 | AM421: 0 | AN421: 0 | AO421: 0 | AP421: 0 | AQ421: 0 | AR421: =E421-AE421 -> 0 | AS421: =F421-AF421 -> -1 | AT421: =G421-AG421 -> 0 | AU421: =H421-AH421 -> 0 | AV421: =I421-AI421 -> 0 | AW421: =J421-AJ421 -> 0 | AX421: =K421-AK421 -> 0 | AY421: =L421-AL421 -> 0 | ... BD421: =Q421-AQ421 -> 0 | BE421: =SUMIF(AR421:BD421,"<0",AR421:BD421) -> -1 | BF421: =IF(BE421<0,D421+BE421,D421) -> -1 | BG421: =IF(BF421<0,C421+BF421,C421) -> -1
A422: 1420022911834 | B422: Vardag Relaxed Trousers W | C422: 0 | D422: 0 | E422: 0 | F422: 0 | G422: 0 | H422: 0 | I422: 0 | J422: 0 | K422: 0 | L422: 0 | M422: 0 | N422: 0 | O422: 0 | P422: 0 | Q422: 0 | R422: 0 | S422: 0 | T422: 0 | U422: 1 | V422: 1 | W422: 1 | X422: 0 | Y422: 0 | Z422: 0 | AA422: 1 | AB422: 1 | AC422: 1 | AD422: 0 | AE422: 0 | AF422: 1 | AG422: 0 | AH422: 0 | AI422: 0 | AJ422: 0 | AK422: 0 | AL422: 0 | AM422: 0 | AN422: 0 | AO422: 0 | AP422: 0 | AQ422: 0 | AR422: =E422-AE422 -> 0 | AS422: =F422-AF422 -> -1 | AT422: =G422-AG422 -> 0 | AU422: =H422-AH422 -> 0 | AV422: =I422-AI422 -> 0 | AW422: =J422-AJ422 -> 0 | AX422: =K422-AK422 -> 0 | AY422: =L422-AL422 -> 0 | ... BD422: =Q422-AQ422 -> 0 | BE422: =SUMIF(AR422:BD422,"<0",AR422:BD422) -> -1 | BF422: =IF(BE422<0,D422+BE422,D422) -> -1 | BG422: =IF(BF422<0,C422+BF422,C422) -> -1
A423: 1420022911836 | B423: Vardag Relaxed Trousers W | C423: 1 | D423: 0 | E423: 0 | F423: 0 | G423: 0 | H423: 0 | I423: 0 | J423: 0 | K423: 0 | L423: 0 | M423: 0 | N423: 0 | O423: 0 | P423: 0 | Q423: 0 | R423: 0 | S423: 1 | T423: 0 | U423: 1 | V423: 1 | W423: 1 | X423: 1 | Y423: 0 | Z423: 0 | AA423: 1 | AB423: 1 | AC423: 1 | AD423: 0 | AE423: 0 | AF423: 0 | AG423: 0 | AH423: 0 | AI423: 0 | AJ423: 0 | AK423: 0 | AL423: 0 | AM423: 0 | AN423: 0 | AO423: 0 | AP423: 0 | AQ423: 0 | AR423: =E423-AE423 -> 0 | AS423: =F423-AF423 -> 0 | AT423: =G423-AG423 -> 0 | AU423: =H423-AH423 -> 0 | AV423: =I423-AI423 -> 0 | AW423: =J423-AJ423 -> 0 | AX423: =K423-AK423 -> 0 | AY423: =L423-AL423 -> 0 | ... BD423: =Q423-AQ423 -> 0 | BE423: =SUMIF(AR423:BD423,"<0",AR423:BD423) -> 0 | BF423: =IF(BE423<0,D423+BE423,D423) -> 0 | BG423: =IF(BF423<0,C423+BF423,C423) -> 1
A424: 1420022911838 | B424: Vardag Relaxed Trousers W | C424: 0 | D424: 0 | E424: 0 | F424: 0 | G424: 0 | H424: 0 | I424: 0 | J424: 0 | K424: 0 | L424: 0 | M424: 0 | N424: 0 | O424: 0 | P424: 0 | Q424: 0 | R424: 0 | S424: 1 | T424: 0 | U424: 0 | V424: 1 | W424: 1 | X424: 1 | Y424: 0 | Z424: 0 | AA424: 1 | AB424: 1 | AC424: 1 | AD424: 0 | AE424: 0 | AF424: 0 | AG424: 0 | AH424: 0 | AI424: 0 | AJ424: 0 | AK424: 0 | AL424: 0 | AM424: 0 | AN424: 0 | AO424: 0 | AP424: 0 | AQ424: 0 | AR424: =E424-AE424 -> 0 | AS424: =F424-AF424 -> 0 | AT424: =G424-AG424 -> 0 | AU424: =H424-AH424 -> 0 | AV424: =I424-AI424 -> 0 | AW424: =J424-AJ424 -> 0 | AX424: =K424-AK424 -> 0 | AY424: =L424-AL424 -> 0 | ... BD424: =Q424-AQ424 -> 0 | BE424: =SUMIF(AR424:BD424,"<0",AR424:BD424) -> 0 | BF424: =IF(BE424<0,D424+BE424,D424) -> 0 | BG424: =IF(BF424<0,C424+BF424,C424) -> 0
A425: 1420022962034 | B425: Vardag Relaxed Trousers W | C425: 0 | D425: 0 | E425: 0 | F425: 0 | G425: 0 | H425: 0 | I425: 0 | J425: 0 | K425: 0 | L425: 0 | M425: 0 | N425: 0 | O425: 0 | P425: 0 | Q425: 0 | R425: 0 | S425: 0 | T425: 0 | U425: 1 | V425: 1 | W425: 1 | X425: 0 | Y425: 0 | Z425: 0 | AA425: 1 | AB425: 1 | AC425: 1 | AD425: 0 | AE425: 0 | AF425: 1 | AG425: 0 | AH425: 0 | AI425: 0 | AJ425: 0 | AK425: 0 | AL425: 0 | AM425: 0 | AN425: 0 | AO425: 0 | AP425: 0 | AQ425: 0 | AR425: =E425-AE425 -> 0 | AS425: =F425-AF425 -> -1 | AT425: =G425-AG425 -> 0 | AU425: =H425-AH425 -> 0 | AV425: =I425-AI425 -> 0 | AW425: =J425-AJ425 -> 0 | AX425: =K425-AK425 -> 0 | AY425: =L425-AL425 -> 0 | ... BD425: =Q425-AQ425 -> 0 | BE425: =SUMIF(AR425:BD425,"<0",AR425:BD425) -> -1 | BF425: =IF(BE425<0,D425+BE425,D425) -> -1 | BG425: =IF(BF425<0,C425+BF425,C425) -> -1
A426: 1420022962036 | B426: Vardag Relaxed Trousers W | C426: 1 | D426: 0 | E426: 0 | F426: 0 | G426: 0 | H426: 0 | I426: 0 | J426: 0 | K426: 0 | L426: 0 | M426: 0 | N426: 0 | O426: 0 | P426: 0 | Q426: 0 | R426: 0 | S426: 1 | T426: 0 | U426: 1 | V426: 1 | W426: 1 | X426: 1 | Y426: 0 | Z426: 0 | AA426: 1 | AB426: 1 | AC426: 1 | AD426: 0 | AE426: 0 | AF426: 0 | AG426: 0 | AH426: 0 | AI426: 0 | AJ426: 0 | AK426: 0 | AL426: 0 | AM426: 0 | AN426: 0 | AO426: 0 | AP426: 0 | AQ426: 0 | AR426: =E426-AE426 -> 0 | AS426: =F426-AF426 -> 0 | AT426: =G426-AG426 -> 0 | AU426: =H426-AH426 -> 0 | AV426: =I426-AI426 -> 0 | AW426: =J426-AJ426 -> 0 | AX426: =K426-AK426 -> 0 | AY426: =L426-AL426 -> 0 | ... BD426: =Q426-AQ426 -> 0 | BE426: =SUMIF(AR426:BD426,"<0",AR426:BD426) -> 0 | BF426: =IF(BE426<0,D426+BE426,D426) -> 0 | BG426: =IF(BF426<0,C426+BF426,C426) -> 1
A427: 1420022962038 | B427: Vardag Relaxed Trousers W | C427: 0 | D427: 0 | E427: 0 | F427: 0 | G427: 0 | H427: 0 | I427: 0 | J427: 0 | K427: 0 | L427: 0 | M427: 0 | N427: 0 | O427: 0 | P427: 0 | Q427: 0 | R427: 0 | S427: 1 | T427: 0 | U427: 1 | V427: 1 | W427: 1 | X427: 1 | Y427: 0 | Z427: 0 | AA427: 1 | AB427: 1 | AC427: 1 | AD427: 0 | AE427: 0 | AF427: 0 | AG427: 0 | AH427: 0 | AI427: 0 | AJ427: 0 | AK427: 0 | AL427: 0 | AM427: 0 | AN427: 0 | AO427: 0 | AP427: 0 | AQ427: 0 | AR427: =E427-AE427 -> 0 | AS427: =F427-AF427 -> 0 | AT427: =G427-AG427 -> 0 | AU427: =H427-AH427 -> 0 | AV427: =I427-AI427 -> 0 | AW427: =J427-AJ427 -> 0 | AX427: =K427-AK427 -> 0 | AY427: =L427-AL427 -> 0 | ... BD427: =Q427-AQ427 -> 0 | BE427: =SUMIF(AR427:BD427,"<0",AR427:BD427) -> 0 | BF427: =IF(BE427<0,D427+BE427,D427) -> 0 | BG427: =IF(BF427<0,C427+BF427,C427) -> 0
A428: 14300010550M | B428: Abisko Fjall Dress W | C428: 0 | D428: 1 | E428: 0 | F428: 0 | G428: 0 | H428: 0 | I428: 0 | J428: 0 | K428: 0 | L428: 0 | M428: 0 | N428: 0 | O428: 0 | P428: 0 | Q428: 0 | R428: 0 | S428: 1 | T428: 0 | U428: 1 | V428: 1 | W428: 1 | X428: 1 | Y428: 1 | Z428: 1 | AA428: 1 | AB428: 1 | AC428: 1 | AD428: 0 | AE428: 0 | AF428: 0 | AG428: 0 | AH428: 0 | AI428: 0 | AJ428: 0 | AK428: 0 | AL428: 0 | AM428: 0 | AN428: 0 | AO428: 0 | AP428: 0 | AQ428: 0 | AR428: =E428-AE428 -> 0 | AS428: =F428-AF428 -> 0 | AT428: =G428-AG428 -> 0 | AU428: =H428-AH428 -> 0 | AV428: =I428-AI428 -> 0 | AW428: =J428-AJ428 -> 0 | AX428: =K428-AK428 -> 0 | AY428: =L428-AL428 -> 0 | ... BD428: =Q428-AQ428 -> 0 | BE428: =SUMIF(AR428:BD428,"<0",AR428:BD428) -> 0 | BF428: =IF(BE428<0,D428+BE428,D428) -> 1 | BG428: =IF(BF428<0,C428+BF428,C428) -> 0
A429: 14300010550S | B429: Abisko Fjall Dress W | C429: 0 | D429: 1 | E429: 0 | F429: 0 | G429: 0 | H429: 0 | I429: 0 | J429: 0 | K429: 0 | L429: 0 | M429: 0 | N429: 0 | O429: 0 | P429: 0 | Q429: 0 | R429: 0 | S429: 1 | T429: 0 | U429: 1 | V429: 1 | W429: 1 | X429: 1 | Y429: 1 | Z429: 1 | AA429: 1 | AB429: 1 | AC429: 0 | AD429: 0 | AE429: 0 | AF429: 0 | AG429: 0 | AH429: 0 | AI429: 0 | AJ429: 0 | AK429: 0 | AL429: 0 | AM429: 0 | AN429: 0 | AO429: 0 | AP429: 1 | AQ429: 0 | AR429: =E429-AE429 -> 0 | AS429: =F429-AF429 -> 0 | AT429: =G429-AG429 -> 0 | AU429: =H429-AH429 -> 0 | AV429: =I429-AI429 -> 0 | AW429: =J429-AJ429 -> 0 | AX429: =K429-AK429 -> 0 | AY429: =L429-AL429 -> 0 | ... BD429: =Q429-AQ429 -> 0 | BE429: =SUMIF(AR429:BD429,"<0",AR429:BD429) -> -1 | BF429: =IF(BE429<0,D429+BE429,D429) -> 0 | BG429: =IF(BF429<0,C429+BF429,C429) -> 0
A430: 14300010550XS | B430: Abisko Fjall Dress W | C430: 0 | D430: 0 | E430: 0 | F430: 0 | G430: 0 | H430: 0 | I430: 0 | J430: 0 | K430: 0 | L430: 0 | M430: 0 | N430: 0 | O430: 0 | P430: 0 | Q430: 0 | R430: 0 | S430: 1 | T430: 0 | U430: 1 | V430: 1 | W430: 0 | X430: 1 | Y430: 1 | Z430: 0 | AA430: 1 | AB430: 0 | AC430: 1 | AD430: 0 | AE430: 0 | AF430: 0 | AG430: 0 | AH430: 0 | AI430: 0 | AJ430: 0 | AK430: 0 | AL430: 0 | AM430: 0 | AN430: 0 | AO430: 0 | AP430: 0 | AQ430: 0 | AR430: =E430-AE430 -> 0 | AS430: =F430-AF430 -> 0 | AT430: =G430-AG430 -> 0 | AU430: =H430-AH430 -> 0 | AV430: =I430-AI430 -> 0 | AW430: =J430-AJ430 -> 0 | AX430: =K430-AK430 -> 0 | AY430: =L430-AL430 -> 0 | ... BD430: =Q430-AQ430 -> 0 | BE430: =SUMIF(AR430:BD430,"<0",AR430:BD430) -> 0 | BF430: =IF(BE430<0,D430+BE430,D430) -> 0 | BG430: =IF(BF430<0,C430+BF430,C430) -> 0
A431: 14300010620M | B431: Abisko Fjall Dress W | C431: 0 | D431: 0 | E431: 0 | F431: 0 | G431: 0 | H431: 0 | I431: 0 | J431: 0 | K431: 0 | L431: 0 | M431: 0 | N431: 0 | O431: 0 | P431: 0 | Q431: 0 | R431: 0 | S431: 0 | T431: 0 | U431: 1 | V431: 0 | W431: 1 | X431: 0 | Y431: 0 | Z431: 0 | AA431: 0 | AB431: 0 | AC431: 1 | AD431: 0 | AE431: 0 | AF431: 0 | AG431: 0 | AH431: 0 | AI431: 0 | AJ431: 0 | AK431: 0 | AL431: 0 | AM431: 0 | AN431: 0 | AO431: 0 | AP431: 0 | AQ431: 0 | AR431: =E431-AE431 -> 0 | AS431: =F431-AF431 -> 0 | AT431: =G431-AG431 -> 0 | AU431: =H431-AH431 -> 0 | AV431: =I431-AI431 -> 0 | AW431: =J431-AJ431 -> 0 | AX431: =K431-AK431 -> 0 | AY431: =L431-AL431 -> 0 | ... BD431: =Q431-AQ431 -> 0 | BE431: =SUMIF(AR431:BD431,"<0",AR431:BD431) -> 0 | BF431: =IF(BE431<0,D431+BE431,D431) -> 0 | BG431: =IF(BF431<0,C431+BF431,C431) -> 0
A432: 14300010620S | B432: Abisko Fjall Dress W | C432: 0 | D432: 0 | E432: 0 | F432: 0 | G432: 0 | H432: 0 | I432: 0 | J432: 0 | K432: 0 | L432: 0 | M432: 0 | N432: 0 | O432: 0 | P432: 0 | Q432: 0 | R432: 0 | S432: 0 | T432: 0 | U432: 1 | V432: 1 | W432: 0 | X432: 0 | Y432: 0 | Z432: 0 | AA432: 0 | AB432: 0 | AC432: 0 | AD432: 0 | AE432: 0 | AF432: 0 | AG432: 0 | AH432: 0 | AI432: 0 | AJ432: 0 | AK432: 0 | AL432: 0 | AM432: 0 | AN432: 0 | AO432: 0 | AP432: 1 | AQ432: 0 | AR432: =E432-AE432 -> 0 | AS432: =F432-AF432 -> 0 | AT432: =G432-AG432 -> 0 | AU432: =H432-AH432 -> 0 | AV432: =I432-AI432 -> 0 | AW432: =J432-AJ432 -> 0 | AX432: =K432-AK432 -> 0 | AY432: =L432-AL432 -> 0 | ... BD432: =Q432-AQ432 -> 0 | BE432: =SUMIF(AR432:BD432,"<0",AR432:BD432) -> -1 | BF432: =IF(BE432<0,D432+BE432,D432) -> -1 | BG432: =IF(BF432<0,C432+BF432,C432) -> -1
A433: 14300010620XS | B433: Abisko Fjall Dress W | C433: 0 | D433: 0 | E433: 0 | F433: 0 | G433: 0 | H433: 0 | I433: 0 | J433: 0 | K433: 0 | L433: 0 | M433: 0 | N433: 0 | O433: 0 | P433: 0 | Q433: 0 | R433: 0 | S433: 0 | T433: 0 | U433: 1 | V433: 1 | W433: 0 | X433: 0 | Y433: 0 | Z433: 0 | AA433: 0 | AB433: 0 | AC433: 0 | AD433: 0 | AE433: 0 | AF433: 0 | AG433: 0 | AH433: 0 | AI433: 0 | AJ433: 0 | AK433: 0 | AL433: 0 | AM433: 0 | AN433: 0 | AO433: 0 | AP433: 0 | AQ433: 0 | AR433: =E433-AE433 -> 0 | AS433: =F433-AF433 -> 0 | AT433: =G433-AG433 -> 0 | AU433: =H433-AH433 -> 0 | AV433: =I433-AI433 -> 0 | AW433: =J433-AJ433 -> 0 | AX433: =K433-AK433 -> 0 | AY433: =L433-AL433 -> 0 | ... BD433: =Q433-AQ433 -> 0 | BE433: =SUMIF(AR433:BD433,"<0",AR433:BD433) -> 0 | BF433: =IF(BE433<0,D433+BE433,D433) -> 0 | BG433: =IF(BF433<0,C433+BF433,C433) -> 0
A434: 14300012537M | B434: Abisko Sun-hoodie Dress W | C434: 8 | D434: 3 | E434: 0 | F434: 0 | G434: 0 | H434: 0 | I434: 0 | J434: 0 | K434: 0 | L434: 0 | M434: 0 | N434: 0 | O434: 0 | P434: 0 | Q434: 0 | R434: 0 | S434: 1 | T434: 0 | U434: 1 | V434: 1 | W434: 1 | X434: 0 | Y434: 1 | Z434: 1 | AA434: 1 | AB434: 0 | AC434: 1 | AD434: 0 | AE434: 0 | AF434: 0 | AG434: 0 | AH434: 0 | AI434: 0 | AJ434: 0 | AK434: 0 | AL434: 0 | AM434: 0 | AN434: 0 | AO434: 0 | AP434: 0 | AQ434: 0 | AR434: =E434-AE434 -> 0 | AS434: =F434-AF434 -> 0 | AT434: =G434-AG434 -> 0 | AU434: =H434-AH434 -> 0 | AV434: =I434-AI434 -> 0 | AW434: =J434-AJ434 -> 0 | AX434: =K434-AK434 -> 0 | AY434: =L434-AL434 -> 0 | ... BD434: =Q434-AQ434 -> 0 | BE434: =SUMIF(AR434:BD434,"<0",AR434:BD434) -> 0 | BF434: =IF(BE434<0,D434+BE434,D434) -> 3 | BG434: =IF(BF434<0,C434+BF434,C434) -> 8
A435: 14300012537S | B435: Abisko Sun-hoodie Dress W | C435: 8 | D435: 3 | E435: 0 | F435: 0 | G435: 0 | H435: 0 | I435: 0 | J435: 0 | K435: 0 | L435: 0 | M435: 0 | N435: 0 | O435: 0 | P435: 0 | Q435: 0 | R435: 0 | S435: 1 | T435: 0 | U435: 1 | V435: 1 | W435: 1 | X435: 0 | Y435: 1 | Z435: 1 | AA435: 1 | AB435: 0 | AC435: 1 | AD435: 0 | AE435: 0 | AF435: 0 | AG435: 0 | AH435: 0 | AI435: 0 | AJ435: 0 | AK435: 0 | AL435: 0 | AM435: 0 | AN435: 0 | AO435: 0 | AP435: 0 | AQ435: 0 | AR435: =E435-AE435 -> 0 | AS435: =F435-AF435 -> 0 | AT435: =G435-AG435 -> 0 | AU435: =H435-AH435 -> 0 | AV435: =I435-AI435 -> 0 | AW435: =J435-AJ435 -> 0 | AX435: =K435-AK435 -> 0 | AY435: =L435-AL435 -> 0 | ... BD435: =Q435-AQ435 -> 0 | BE435: =SUMIF(AR435:BD435,"<0",AR435:BD435) -> 0 | BF435: =IF(BE435<0,D435+BE435,D435) -> 3 | BG435: =IF(BF435<0,C435+BF435,C435) -> 8
A436: 14300012614M | B436: Abisko Sun-hoodie Dress W | C436: 6 | D436: 3 | E436: 0 | F436: 0 | G436: 0 | H436: 0 | I436: 0 | J436: 0 | K436: 0 | L436: 0 | M436: 0 | N436: 0 | O436: 0 | P436: 0 | Q436: 0 | R436: 0 | S436: 1 | T436: 0 | U436: 1 | V436: 1 | W436: 1 | X436: 0 | Y436: 1 | Z436: 1 | AA436: 1 | AB436: 0 | AC436: 1 | AD436: 0 | AE436: 0 | AF436: 0 | AG436: 0 | AH436: 0 | AI436: 0 | AJ436: 0 | AK436: 0 | AL436: 0 | AM436: 0 | AN436: 0 | AO436: 0 | AP436: 0 | AQ436: 0 | AR436: =E436-AE436 -> 0 | AS436: =F436-AF436 -> 0 | AT436: =G436-AG436 -> 0 | AU436: =H436-AH436 -> 0 | AV436: =I436-AI436 -> 0 | AW436: =J436-AJ436 -> 0 | AX436: =K436-AK436 -> 0 | AY436: =L436-AL436 -> 0 | ... BD436: =Q436-AQ436 -> 0 | BE436: =SUMIF(AR436:BD436,"<0",AR436:BD436) -> 0 | BF436: =IF(BE436<0,D436+BE436,D436) -> 3 | BG436: =IF(BF436<0,C436+BF436,C436) -> 6
A437: 14300012614S | B437: Abisko Sun-hoodie Dress W | C437: 6 | D437: 4 | E437: 0 | F437: 0 | G437: 0 | H437: 0 | I437: 0 | J437: 0 | K437: 0 | L437: 0 | M437: 0 | N437: 0 | O437: 0 | P437: 0 | Q437: 0 | R437: 0 | S437: 1 | T437: 0 | U437: 1 | V437: 1 | W437: 1 | X437: 0 | Y437: 1 | Z437: 1 | AA437: 1 | AB437: 0 | AC437: 1 | AD437: 0 | AE437: 0 | AF437: 0 | AG437: 0 | AH437: 0 | AI437: 0 | AJ437: 0 | AK437: 0 | AL437: 0 | AM437: 0 | AN437: 0 | AO437: 0 | AP437: 0 | AQ437: 0 | AR437: =E437-AE437 -> 0 | AS437: =F437-AF437 -> 0 | AT437: =G437-AG437 -> 0 | AU437: =H437-AH437 -> 0 | AV437: =I437-AI437 -> 0 | AW437: =J437-AJ437 -> 0 | AX437: =K437-AK437 -> 0 | AY437: =L437-AL437 -> 0 | ... BD437: =Q437-AQ437 -> 0 | BE437: =SUMIF(AR437:BD437,"<0",AR437:BD437) -> 0 | BF437: =IF(BE437<0,D437+BE437,D437) -> 4 | BG437: =IF(BF437<0,C437+BF437,C437) -> 6
A438: 14300013030M | B438: ovik Hemp Dress W | C438: 0 | D438: 0 | E438: 0 | F438: 0 | G438: 0 | H438: 0 | I438: 0 | J438: 0 | K438: 0 | L438: 0 | M438: 0 | N438: 0 | O438: 0 | P438: 0 | Q438: 0 | R438: 0 | S438: 0 | T438: 0 | U438: 1 | V438: 0 | W438: 0 | X438: 0 | Y438: 0 | Z438: 0 | AA438: 0 | AB438: 0 | AC438: 0 | AD438: 0 | AE438: 0 | AF438: 0 | AG438: 0 | AH438: 0 | AI438: 0 | AJ438: 0 | AK438: 0 | AL438: 0 | AM438: 0 | AN438: 0 | AO438: 0 | AP438: 0 | AQ438: 0 | AR438: =E438-AE438 -> 0 | AS438: =F438-AF438 -> 0 | AT438: =G438-AG438 -> 0 | AU438: =H438-AH438 -> 0 | AV438: =I438-AI438 -> 0 | AW438: =J438-AJ438 -> 0 | AX438: =K438-AK438 -> 0 | AY438: =L438-AL438 -> 0 | ... BD438: =Q438-AQ438 -> 0 | BE438: =SUMIF(AR438:BD438,"<0",AR438:BD438) -> 0 | BF438: =IF(BE438<0,D438+BE438,D438) -> 0 | BG438: =IF(BF438<0,C438+BF438,C438) -> 0
A439: 14300013030XS | B439: ovik Hemp Dress W | C439: 0 | D439: 0 | E439: 0 | F439: 0 | G439: 0 | H439: 0 | I439: 0 | J439: 0 | K439: 0 | L439: 0 | M439: 0 | N439: 0 | O439: 0 | P439: 0 | Q439: 0 | R439: 0 | S439: 0 | T439: 0 | U439: 1 | V439: 0 | W439: 0 | X439: 0 | Y439: 0 | Z439: 0 | AA439: 0 | AB439: 0 | AC439: 0 | AD439: 0 | AE439: 0 | AF439: 0 | AG439: 0 | AH439: 0 | AI439: 0 | AJ439: 0 | AK439: 0 | AL439: 0 | AM439: 0 | AN439: 0 | AO439: 0 | AP439: 0 | AQ439: 0 | AR439: =E439-AE439 -> 0 | AS439: =F439-AF439 -> 0 | AT439: =G439-AG439 -> 0 | AU439: =H439-AH439 -> 0 | AV439: =I439-AI439 -> 0 | AW439: =J439-AJ439 -> 0 | AX439: =K439-AK439 -> 0 | AY439: =L439-AL439 -> 0 | ... BD439: =Q439-AQ439 -> 0 | BE439: =SUMIF(AR439:BD439,"<0",AR439:BD439) -> 0 | BF439: =IF(BE439<0,D439+BE439,D439) -> 0 | BG439: =IF(BF439<0,C439+BF439,C439) -> 0
... A1362: 77279633XL | B1362: Singi Trekking Cap | C1362: 0 | D1362: 0 | E1362: 0 | F1362: 0 | G1362: 0 | H1362: 0 | I1362: 0 | J1362: 0 | K1362: 0 | L1362: 0 | M1362: 0 | N1362: 0 | O1362: 0 | P1362: 0 | Q1362: 0 | R1362: 0 | S1362: 1 | T1362: 0 | U1362: 0 | V1362: 1 | W1362: 1 | X1362: 1 | Y1362: 2 | Z1362: 0 | AA1362: 1 | AB1362: 0 | AC1362: 1 | AD1362: 0 | AE1362: 0 | AF1362: 0 | AG1362: 0 | AH1362: 0 | AI1362: 0 | AJ1362: 0 | AK1362: 0 | AL1362: 0 | AM1362: 0 | AN1362: 0 | AO1362: 0 | AP1362: 0 | AQ1362: 0 | AR1362: =E1362-AE1362 -> 0 | AS1362: =F1362-AF1362 -> 0 | AT1362: =G1362-AG1362 -> 0 | AU1362: =H1362-AH1362 -> 0 | AV1362: =I1362-AI1362 -> 0 | AW1362: =J1362-AJ1362 -> 0 | AX1362: =K1362-AK1362 -> 0 | AY1362: =L1362-AL1362 -> 0 | ... BD1362: =Q1362-AQ1362 -> 0 | BE1362: =SUMIF(AR1362:BD1362,"<0",AR1362:BD1362) -> 0 | BF1362: =IF(BE1362<0,D1362+BE1362,D1362) -> 0 | BG1362: =IF(BF1362<0,C1362+BF1362,C1362) -> 0
A1363: 7728124985 | B1363: Singi Belt 4 cm | C1363: 0 | D1363: 0 | E1363: 0 | F1363: 0 | G1363: 0 | H1363: 0 | I1363: 0 | J1363: 0 | K1363: 0 | L1363: 0 | M1363: 0 | N1363: 0 | O1363: 0 | P1363: 0 | Q1363: 0 | R1363: 0 | S1363: 0 | T1363: 0 | U1363: 0 | V1363: 0 | W1363: 0 | X1363: 2 | Y1363: 0 | Z1363: 0 | AA1363: 1 | AB1363: 0 | AC1363: 1 | AD1363: 0 | AE1363: 0 | AF1363: 0 | AG1363: 0 | AH1363: 0 | AI1363: 0 | AJ1363: 1 | AK1363: 0 | AL1363: 0 | AM1363: 0 | AN1363: 0 | AO1363: 0 | AP1363: 0 | AQ1363: 0 | AR1363: =E1363-AE1363 -> 0 | AS1363: =F1363-AF1363 -> 0 | AT1363: =G1363-AG1363 -> 0 | AU1363: =H1363-AH1363 -> 0 | AV1363: =I1363-AI1363 -> 0 | AW1363: =J1363-AJ1363 -> -1 | AX1363: =K1363-AK1363 -> 0 | AY1363: =L1363-AL1363 -> 0 | ... BD1363: =Q1363-AQ1363 -> 0 | BE1363: =SUMIF(AR1363:BD1363,"<0",AR1363:BD1363) -> -1 | BF1363: =IF(BE1363<0,D1363+BE1363,D1363) -> -1 | BG1363: =IF(BF1363<0,C1363+BF1363,C1363) -> -1
A1364: 77292550S/M | B1364: Singi Gaiters | C1364: 0 | D1364: 0 | E1364: 0 | F1364: 0 | G1364: 0 | H1364: 0 | I1364: 0 | J1364: 0 | K1364: 0 | L1364: 0 | M1364: 0 | N1364: 0 | O1364: 0 | P1364: 0 | Q1364: 0 | R1364: 0 | S1364: 0 | T1364: 0 | U1364: 0 | V1364: 1 | W1364: 0 | X1364: 0 | Y1364: 0 | Z1364: 0 | AA1364: 0 | AB1364: 0 | AC1364: 0 | AD1364: 0 | AE1364: 0 | AF1364: 0 | AG1364: 0 | AH1364: 0 | AI1364: 0 | AJ1364: 0 | AK1364: 0 | AL1364: 0 | AM1364: 0 | AN1364: 0 | AO1364: 0 | AP1364: 0 | AQ1364: 0 | AR1364: =E1364-AE1364 -> 0 | AS1364: =F1364-AF1364 -> 0 | AT1364: =G1364-AG1364 -> 0 | AU1364: =H1364-AH1364 -> 0 | AV1364: =I1364-AI1364 -> 0 | AW1364: =J1364-AJ1364 -> 0 | AX1364: =K1364-AK1364 -> 0 | AY1364: =L1364-AL1364 -> 0 | ... BD1364: =Q1364-AQ1364 -> 0 | BE1364: =SUMIF(AR1364:BD1364,"<0",AR1364:BD1364) -> 0 | BF1364: =IF(BE1364<0,D1364+BE1364,D1364) -> 0 | BG1364: =IF(BF1364<0,C1364+BF1364,C1364) -> 0
A1365: 77292633S/M | B1365: Singi Gaiters | C1365: 0 | D1365: 0 | E1365: 0 | F1365: 0 | G1365: 0 | H1365: 0 | I1365: 0 | J1365: 0 | K1365: 0 | L1365: 0 | M1365: 0 | N1365: 0 | O1365: 0 | P1365: 0 | Q1365: 0 | R1365: 0 | S1365: 0 | T1365: 0 | U1365: 0 | V1365: 2 | W1365: 0 | X1365: 0 | Y1365: 1 | Z1365: 0 | AA1365: 1 | AB1365: 0 | AC1365: 1 | AD1365: 0 | AE1365: 0 | AF1365: 0 | AG1365: 0 | AH1365: 0 | AI1365: 0 | AJ1365: 1 | AK1365: 1 | AL1365: 0 | AM1365: 0 | AN1365: 0 | AO1365: 0 | AP1365: 0 | AQ1365: 0 | AR1365: =E1365-AE1365 -> 0 | AS1365: =F1365-AF1365 -> 0 | AT1365: =G1365-AG1365 -> 0 | AU1365: =H1365-AH1365 -> 0 | AV1365: =I1365-AI1365 -> 0 | AW1365: =J1365-AJ1365 -> -1 | AX1365: =K1365-AK1365 -> -1 | AY1365: =L1365-AL1365 -> 0 | ... BD1365: =Q1365-AQ1365 -> 0 | BE1365: =SUMIF(AR1365:BD1365,"<0",AR1365:BD1365) -> -2 | BF1365: =IF(BE1365<0,D1365+BE1365,D1365) -> -2 | BG1365: =IF(BF1365<0,C1365+BF1365,C1365) -> -2
A1366: 77295550L | B1366: Singi Field Cap | C1366: 0 | D1366: 0 | E1366: 0 | F1366: 0 | G1366: 0 | H1366: 0 | I1366: 0 | J1366: 0 | K1366: 0 | L1366: 0 | M1366: 0 | N1366: 0 | O1366: 0 | P1366: 0 | Q1366: 0 | R1366: 0 | S1366: 0 | T1366: 0 | U1366: 1 | V1366: 0 | W1366: 0 | X1366: 0 | Y1366: 0 | Z1366: 0 | AA1366: 0 | AB1366: 0 | AC1366: 0 | AD1366: 0 | AE1366: 0 | AF1366: 0 | AG1366: 0 | AH1366: 0 | AI1366: 0 | AJ1366: 0 | AK1366: 0 | AL1366: 0 | AM1366: 0 | AN1366: 0 | AO1366: 0 | AP1366: 0 | AQ1366: 0 | AR1366: =E1366-AE1366 -> 0 | AS1366: =F1366-AF1366 -> 0 | AT1366: =G1366-AG1366 -> 0 | AU1366: =H1366-AH1366 -> 0 | AV1366: =I1366-AI1366 -> 0 | AW1366: =J1366-AJ1366 -> 0 | AX1366: =K1366-AK1366 -> 0 | AY1366: =L1366-AL1366 -> 0 | ... BD1366: =Q1366-AQ1366 -> 0 | BE1366: =SUMIF(AR1366:BD1366,"<0",AR1366:BD1366) -> 0 | BF1366: =IF(BE1366<0,D1366+BE1366,D1366) -> 0 | BG1366: =IF(BF1366<0,C1366+BF1366,C1366) -> 0
A1367: 77295550M | B1367: Singi Field Cap | C1367: 0 | D1367: 0 | E1367: 0 | F1367: 0 | G1367: 0 | H1367: 0 | I1367: 0 | J1367: 0 | K1367: 0 | L1367: 0 | M1367: 0 | N1367: 0 | O1367: 0 | P1367: 0 | Q1367: 0 | R1367: 0 | S1367: 1 | T1367: 0 | U1367: 1 | V1367: 0 | W1367: 0 | X1367: 0 | Y1367: 0 | Z1367: 0 | AA1367: 0 | AB1367: 0 | AC1367: 0 | AD1367: 0 | AE1367: 0 | AF1367: 0 | AG1367: 0 | AH1367: 0 | AI1367: 0 | AJ1367: 0 | AK1367: 0 | AL1367: 0 | AM1367: 0 | AN1367: 0 | AO1367: 0 | AP1367: 0 | AQ1367: 0 | AR1367: =E1367-AE1367 -> 0 | AS1367: =F1367-AF1367 -> 0 | AT1367: =G1367-AG1367 -> 0 | AU1367: =H1367-AH1367 -> 0 | AV1367: =I1367-AI1367 -> 0 | AW1367: =J1367-AJ1367 -> 0 | AX1367: =K1367-AK1367 -> 0 | AY1367: =L1367-AL1367 -> 0 | ... BD1367: =Q1367-AQ1367 -> 0 | BE1367: =SUMIF(AR1367:BD1367,"<0",AR1367:BD1367) -> 0 | BF1367: =IF(BE1367<0,D1367+BE1367,D1367) -> 0 | BG1367: =IF(BF1367<0,C1367+BF1367,C1367) -> 0
A1368: 77295633L | B1368: Singi Field Cap | C1368: 0 | D1368: 0 | E1368: 0 | F1368: 0 | G1368: 0 | H1368: 0 | I1368: 0 | J1368: 0 | K1368: 0 | L1368: 0 | M1368: 0 | N1368: 0 | O1368: 0 | P1368: 0 | Q1368: 0 | R1368: 0 | S1368: 0 | T1368: 0 | U1368: 1 | V1368: 0 | W1368: 0 | X1368: 0 | Y1368: 0 | Z1368: 0 | AA1368: 0 | AB1368: 0 | AC1368: 0 | AD1368: 0 | AE1368: 0 | AF1368: 0 | AG1368: 0 | AH1368: 0 | AI1368: 0 | AJ1368: 0 | AK1368: 0 | AL1368: 0 | AM1368: 0 | AN1368: 0 | AO1368: 0 | AP1368: 0 | AQ1368: 0 | AR1368: =E1368-AE1368 -> 0 | AS1368: =F1368-AF1368 -> 0 | AT1368: =G1368-AG1368 -> 0 | AU1368: =H1368-AH1368 -> 0 | AV1368: =I1368-AI1368 -> 0 | AW1368: =J1368-AJ1368 -> 0 | AX1368: =K1368-AK1368 -> 0 | AY1368: =L1368-AL1368 -> 0 | ... BD1368: =Q1368-AQ1368 -> 0 | BE1368: =SUMIF(AR1368:BD1368,"<0",AR1368:BD1368) -> 0 | BF1368: =IF(BE1368<0,D1368+BE1368,D1368) -> 0 | BG1368: =IF(BF1368<0,C1368+BF1368,C1368) -> 0
A1369: 77295633M | B1369: Singi Field Cap | C1369: 0 | D1369: 0 | E1369: 0 | F1369: 0 | G1369: 0 | H1369: 0 | I1369: 0 | J1369: 0 | K1369: 0 | L1369: 0 | M1369: 0 | N1369: 0 | O1369: 0 | P1369: 0 | Q1369: 0 | R1369: 0 | S1369: 2 | T1369: 0 | U1369: 1 | V1369: 0 | W1369: 0 | X1369: 0 | Y1369: 0 | Z1369: 0 | AA1369: 0 | AB1369: 0 | AC1369: 2 | AD1369: 0 | AE1369: 0 | AF1369: 0 | AG1369: 0 | AH1369: 0 | AI1369: 0 | AJ1369: 0 | AK1369: 0 | AL1369: 0 | AM1369: 0 | AN1369: 0 | AO1369: 0 | AP1369: 0 | AQ1369: 0 | AR1369: =E1369-AE1369 -> 0 | AS1369: =F1369-AF1369 -> 0 | AT1369: =G1369-AG1369 -> 0 | AU1369: =H1369-AH1369 -> 0 | AV1369: =I1369-AI1369 -> 0 | AW1369: =J1369-AJ1369 -> 0 | AX1369: =K1369-AK1369 -> 0 | AY1369: =L1369-AL1369 -> 0 | ... BD1369: =Q1369-AQ1369 -> 0 | BE1369: =SUMIF(AR1369:BD1369,"<0",AR1369:BD1369) -> 0 | BF1369: =IF(BE1369<0,D1369+BE1369,D1369) -> 0 | BG1369: =IF(BF1369<0,C1369+BF1369,C1369) -> 0
A1370: 77297032X | B1370: Canvas Brass Belt 4 cm | C1370: 0 | D1370: 0 | E1370: 0 | F1370: 0 | G1370: 0 | H1370: 0 | I1370: 0 | J1370: 0 | K1370: 0 | L1370: 0 | M1370: 0 | N1370: 0 | O1370: 0 | P1370: 0 | Q1370: 0 | R1370: 0 | S1370: 2 | T1370: 0 | U1370: 1 | V1370: 2 | W1370: 2 | X1370: 0 | Y1370: 2 | Z1370: 0 | AA1370: 1 | AB1370: 1 | AC1370: 2 | AD1370: 0 | AE1370: 0 | AF1370: 0 | AG1370: 0 | AH1370: 0 | AI1370: 0 | AJ1370: 0 | AK1370: 0 | AL1370: 0 | AM1370: 0 | AN1370: 0 | AO1370: 1 | AP1370: 0 | AQ1370: 0 | AR1370: =E1370-AE1370 -> 0 | AS1370: =F1370-AF1370 -> 0 | AT1370: =G1370-AG1370 -> 0 | AU1370: =H1370-AH1370 -> 0 | AV1370: =I1370-AI1370 -> 0 | AW1370: =J1370-AJ1370 -> 0 | AX1370: =K1370-AK1370 -> 0 | AY1370: =L1370-AL1370 -> 0 | ... BD1370: =Q1370-AQ1370 -> 0 | BE1370: =SUMIF(AR1370:BD1370,"<0",AR1370:BD1370) -> -1 | BF1370: =IF(BE1370<0,D1370+BE1370,D1370) -> -1 | BG1370: =IF(BF1370<0,C1370+BF1370,C1370) -> -1
A1371: 77297232X | B1371: Canvas Brass Belt 4 cm | C1371: 0 | D1371: 0 | E1371: 0 | F1371: 0 | G1371: 0 | H1371: 0 | I1371: 0 | J1371: 0 | K1371: 0 | L1371: 0 | M1371: 0 | N1371: 0 | O1371: 0 | P1371: 0 | Q1371: 0 | R1371: 0 | S1371: 1 | T1371: 0 | U1371: 0 | V1371: 0 | W1371: 0 | X1371: 0 | Y1371: 0 | Z1371: 0 | AA1371: 2 | AB1371: 0 | AC1371: 0 | AD1371: 0 | AE1371: 0 | AF1371: 0 | AG1371: 0 | AH1371: 0 | AI1371: 0 | AJ1371: 0 | AK1371: 0 | AL1371: 0 | AM1371: 0 | AN1371: 0 | AO1371: 0 | AP1371: 0 | AQ1371: 0 | AR1371: =E1371-AE1371 -> 0 | AS1371: =F1371-AF1371 -> 0 | AT1371: =G1371-AG1371 -> 0 | AU1371: =H1371-AH1371 -> 0 | AV1371: =I1371-AI1371 -> 0 | AW1371: =J1371-AJ1371 -> 0 | AX1371: =K1371-AK1371 -> 0 | AY1371: =L1371-AL1371 -> 0 | ... BD1371: =Q1371-AQ1371 -> 0 | BE1371: =SUMIF(AR1371:BD1371,"<0",AR1371:BD1371) -> 0 | BF1371: =IF(BE1371<0,D1371+BE1371,D1371) -> 0 | BG1371: =IF(BF1371<0,C1371+BF1371,C1371) -> 0
A1372: 77297550X | B1372: Canvas Brass Belt 4 cm | C1372: 0 | D1372: 0 | E1372: 0 | F1372: 0 | G1372: 0 | H1372: 0 | I1372: 0 | J1372: 0 | K1372: 0 | L1372: 0 | M1372: 0 | N1372: 0 | O1372: 0 | P1372: 0 | Q1372: 0 | R1372: 0 | S1372: 2 | T1372: 0 | U1372: 2 | V1372: 0 | W1372: 0 | X1372: 2 | Y1372: 1 | Z1372: 0 | AA1372: 2 | AB1372: 0 | AC1372: 2 | AD1372: 0 | AE1372: 0 | AF1372: 0 | AG1372: 0 | AH1372: 0 | AI1372: 2 | AJ1372: 0 | AK1372: 0 | AL1372: 1 | AM1372: 0 | AN1372: 0 | AO1372: 1 | AP1372: 0 | AQ1372: 0 | AR1372: =E1372-AE1372 -> 0 | AS1372: =F1372-AF1372 -> 0 | AT1372: =G1372-AG1372 -> 0 | AU1372: =H1372-AH1372 -> 0 | AV1372: =I1372-AI1372 -> -2 | AW1372: =J1372-AJ1372 -> 0 | AX1372: =K1372-AK1372 -> 0 | AY1372: =L1372-AL1372 -> -1 | ... BD1372: =Q1372-AQ1372 -> 0 | BE1372: =SUMIF(AR1372:BD1372,"<0",AR1372:BD1372) -> -4 | BF1372: =IF(BE1372<0,D1372+BE1372,D1372) -> -4 | BG1372: =IF(BF1372<0,C1372+BF1372,C1372) -> -4
A1373: 77297555X | B1373: Canvas Brass Belt 4 cm | C1373: 0 | D1373: 0 | E1373: 0 | F1373: 0 | G1373: 0 | H1373: 0 | I1373: 0 | J1373: 0 | K1373: 0 | L1373: 0 | M1373: 0 | N1373: 0 | O1373: 0 | P1373: 0 | Q1373: 0 | R1373: 0 | S1373: 2 | T1373: 0 | U1373: 1 | V1373: 1 | W1373: 2 | X1373: 0 | Y1373: 2 | Z1373: 0 | AA1373: 2 | AB1373: 0 | AC1373: 2 | AD1373: 0 | AE1373: 0 | AF1373: 0 | AG1373: 0 | AH1373: 0 | AI1373: 0 | AJ1373: 0 | AK1373: 0 | AL1373: 0 | AM1373: 0 | AN1373: 0 | AO1373: 0 | AP1373: 0 | AQ1373: 0 | AR1373: =E1373-AE1373 -> 0 | AS1373: =F1373-AF1373 -> 0 | AT1373: =G1373-AG1373 -> 0 | AU1373: =H1373-AH1373 -> 0 | AV1373: =I1373-AI1373 -> 0 | AW1373: =J1373-AJ1373 -> 0 | AX1373: =K1373-AK1373 -> 0 | AY1373: =L1373-AL1373 -> 0 | ... BD1373: =Q1373-AQ1373 -> 0 | BE1373: =SUMIF(AR1373:BD1373,"<0",AR1373:BD1373) -> 0 | BF1373: =IF(BE1373<0,D1373+BE1373,D1373) -> 0 | BG1373: =IF(BF1373<0,C1373+BF1373,C1373) -> 0
A1374: 77297633X | B1374: Canvas Brass Belt 4 cm | C1374: 0 | D1374: 0 | E1374: 0 | F1374: 0 | G1374: 0 | H1374: 0 | I1374: 0 | J1374: 0 | K1374: 0 | L1374: 0 | M1374: 0 | N1374: 0 | O1374: 0 | P1374: 0 | Q1374: 0 | R1374: 0 | S1374: 0 | T1374: 0 | U1374: 0 | V1374: 0 | W1374: 1 | X1374: 0 | Y1374: 0 | Z1374: 0 | AA1374: 2 | AB1374: 1 | AC1374: 0 | AD1374: 0 | AE1374: 0 | AF1374: 0 | AG1374: 0 | AH1374: 0 | AI1374: 0 | AJ1374: 0 | AK1374: 1 | AL1374: 0 | AM1374: 0 | AN1374: 0 | AO1374: 0 | AP1374: 0 | AQ1374: 0 | AR1374: =E1374-AE1374 -> 0 | AS1374: =F1374-AF1374 -> 0 | AT1374: =G1374-AG1374 -> 0 | AU1374: =H1374-AH1374 -> 0 | AV1374: =I1374-AI1374 -> 0 | AW1374: =J1374-AJ1374 -> 0 | AX1374: =K1374-AK1374 -> -1 | AY1374: =L1374-AL1374 -> 0 | ... BD1374: =Q1374-AQ1374 -> 0 | BE1374: =SUMIF(AR1374:BD1374,"<0",AR1374:BD1374) -> -1 | BF1374: =IF(BE1374<0,D1374+BE1374,D1374) -> -1 | BG1374: =IF(BF1374<0,C1374+BF1374,C1374) -> -1
A1375: 77302030S | B1375: Singi Heater | C1375: 0 | D1375: 0 | E1375: 0 | F1375: 0 | G1375: 0 | H1375: 0 | I1375: 0 | J1375: 0 | K1375: 0 | L1375: 0 | M1375: 0 | N1375: 0 | O1375: 0 | P1375: 0 | Q1375: 0 | R1375: 0 | S1375: 0 | T1375: 0 | U1375: 1 | V1375: 0 | W1375: 0 | X1375: 0 | Y1375: 0 | Z1375: 0 | AA1375: 0 | AB1375: 0 | AC1375: 0 | AD1375: 0 | AE1375: 0 | AF1375: 0 | AG1375: 0 | AH1375: 0 | AI1375: 0 | AJ1375: 0 | AK1375: 0 | AL1375: 0 | AM1375: 0 | AN1375: 0 | AO1375: 0 | AP1375: 0 | AQ1375: 0 | AR1375: =E1375-AE1375 -> 0 | AS1375: =F1375-AF1375 -> 0 | AT1375: =G1375-AG1375 -> 0 | AU1375: =H1375-AH1375 -> 0 | AV1375: =I1375-AI1375 -> 0 | AW1375: =J1375-AJ1375 -> 0 | AX1375: =K1375-AK1375 -> 0 | AY1375: =L1375-AL1375 -> 0 | ... BD1375: =Q1375-AQ1375 -> 0 | BE1375: =SUMIF(AR1375:BD1375,"<0",AR1375:BD1375) -> 0 | BF1375: =IF(BE1375<0,D1375+BE1375,D1375) -> 0 | BG1375: =IF(BF1375<0,C1375+BF1375,C1375) -> 0
... A1573: 80724633X | B1573: Poncho | C1573: 15 | D1573: 0 | E1573: 0 | F1573: 0 | G1573: 0 | H1573: 0 | I1573: 0 | J1573: 0 | K1573: 0 | L1573: 0 | M1573: 0 | N1573: 0 | O1573: 0 | P1573: 0 | Q1573: 0 | R1573: 1 | S1573: 0 | T1573: 0 | U1573: 2 | V1573: 0 | W1573: 0 | X1573: 1 | Y1573: 0 | Z1573: 0 | AA1573: 0 | AB1573: 0 | AC1573: 0 | AD1573: 0 | AE1573: 0 | AF1573: 0 | AG1573: 0 | AH1573: 0 | AI1573: 0 | AJ1573: 0 | AK1573: 0 | AL1573: 0 | AM1573: 0 | AN1573: 0 | AO1573: 0 | AP1573: 0 | AQ1573: 0 | AR1573: =E1573-AE1573 -> 0 | AS1573: =F1573-AF1573 -> 0 | AT1573: =G1573-AG1573 -> 0 | AU1573: =H1573-AH1573 -> 0 | AV1573: =I1573-AI1573 -> 0 | AW1573: =J1573-AJ1573 -> 0 | AX1573: =K1573-AK1573 -> 0 | AY1573: =L1573-AL1573 -> 0 | ... BD1573: =Q1573-AQ1573 -> 0 | BE1573: =SUMIF(AR1573:BD1573,"<0",AR1573:BD1573) -> 0 | BF1573: =IF(BE1573<0,D1573+BE1573,D1573) -> 0 | BG1573: =IF(BF1573<0,C1573+BF1573,C1573) -> 15
A1574: 8114455050 | B1574: Barents Pro Winter Trousers M | C1574: 2 | D1574: 0 | E1574: 0 | F1574: 0 | G1574: 0 | H1574: 0 | I1574: 0 | J1574: 0 | K1574: 0 | L1574: 0 | M1574: 0 | N1574: 0 | O1574: 0 | P1574: 0 | Q1574: 0 | R1574: 0 | S1574: 0 | T1574: 0 | U1574: 0 | V1574: 0 | W1574: 0 | X1574: 0 | Y1574: 0 | Z1574: 0 | AA1574: 0 | AB1574: 0 | AC1574: 0 | AD1574: 0 | AE1574: 0 | AF1574: 0 | AG1574: 0 | AH1574: 0 | AI1574: 0 | AJ1574: 0 | AK1574: 0 | AL1574: 0 | AM1574: 0 | AN1574: 0 | AO1574: 0 | AP1574: 0 | AQ1574: 0 | AR1574: =E1574-AE1574 -> 0 | AS1574: =F1574-AF1574 -> 0 | AT1574: =G1574-AG1574 -> 0 | AU1574: =H1574-AH1574 -> 0 | AV1574: =I1574-AI1574 -> 0 | AW1574: =J1574-AJ1574 -> 0 | AX1574: =K1574-AK1574 -> 0 | AY1574: =L1574-AL1574 -> 0 | ... BD1574: =Q1574-AQ1574 -> 0 | BE1574: =SUMIF(AR1574:BD1574,"<0",AR1574:BD1574) -> 0 | BF1574: =IF(BE1574<0,D1574+BE1574,D1574) -> 0 | BG1574: =IF(BF1574<0,C1574+BF1574,C1574) -> 2
A1575: 8114463346 | B1575: Barents Pro Winter Trousers M | C1575: 1 | D1575: 0 | E1575: 0 | F1575: 0 | G1575: 0 | H1575: 0 | I1575: 0 | J1575: 0 | K1575: 0 | L1575: 0 | M1575: 0 | N1575: 0 | O1575: 0 | P1575: 0 | Q1575: 0 | R1575: 0 | S1575: 0 | T1575: 0 | U1575: 0 | V1575: 0 | W1575: 0 | X1575: 0 | Y1575: 0 | Z1575: 0 | AA1575: 0 | AB1575: 0 | AC1575: 0 | AD1575: 0 | AE1575: 0 | AF1575: 0 | AG1575: 0 | AH1575: 0 | AI1575: 0 | AJ1575: 0 | AK1575: 0 | AL1575: 0 | AM1575: 0 | AN1575: 0 | AO1575: 0 | AP1575: 0 | AQ1575: 0 | AR1575: =E1575-AE1575 -> 0 | AS1575: =F1575-AF1575 -> 0 | AT1575: =G1575-AG1575 -> 0 | AU1575: =H1575-AH1575 -> 0 | AV1575: =I1575-AI1575 -> 0 | AW1575: =J1575-AJ1575 -> 0 | AX1575: =K1575-AK1575 -> 0 | AY1575: =L1575-AL1575 -> 0 | ... BD1575: =Q1575-AQ1575 -> 0 | BE1575: =SUMIF(AR1575:BD1575,"<0",AR1575:BD1575) -> 0 | BF1575: =IF(BE1575<0,D1575+BE1575,D1575) -> 0 | BG1575: =IF(BF1575<0,C1575+BF1575,C1575) -> 1
A1576: 8114463348 | B1576: Barents Pro Winter Trousers M | C1576: 1 | D1576: 0 | E1576: 0 | F1576: 0 | G1576: 0 | H1576: 0 | I1576: 0 | J1576: 0 | K1576: 0 | L1576: 0 | M1576: 0 | N1576: 0 | O1576: 0 | P1576: 0 | Q1576: 0 | R1576: 0 | S1576: 0 | T1576: 0 | U1576: 0 | V1576: 0 | W1576: 0 | X1576: 0 | Y1576: 0 | Z1576: 0 | AA1576: 0 | AB1576: 0 | AC1576: 0 | AD1576: 0 | AE1576: 0 | AF1576: 0 | AG1576: 0 | AH1576: 0 | AI1576: 0 | AJ1576: 0 | AK1576: 0 | AL1576: 0 | AM1576: 0 | AN1576: 0 | AO1576: 0 | AP1576: 0 | AQ1576: 0 | AR1576: =E1576-AE1576 -> 0 | AS1576: =F1576-AF1576 -> 0 | AT1576: =G1576-AG1576 -> 0 | AU1576: =H1576-AH1576 -> 0 | AV1576: =I1576-AI1576 -> 0 | AW1576: =J1576-AJ1576 -> 0 | AX1576: =K1576-AK1576 -> 0 | AY1576: =L1576-AL1576 -> 0 | ... BD1576: =Q1576-AQ1576 -> 0 | BE1576: =SUMIF(AR1576:BD1576,"<0",AR1576:BD1576) -> 0 | BF1576: =IF(BE1576<0,D1576+BE1576,D1576) -> 0 | BG1576: =IF(BF1576<0,C1576+BF1576,C1576) -> 1
A1577: 8114463350 | B1577: Barents Pro Winter Trousers M | C1577: 1 | D1577: 0 | E1577: 0 | F1577: 0 | G1577: 0 | H1577: 0 | I1577: 0 | J1577: 0 | K1577: 0 | L1577: 0 | M1577: 0 | N1577: 0 | O1577: 0 | P1577: 0 | Q1577: 0 | R1577: 0 | S1577: 0 | T1577: 0 | U1577: 0 | V1577: 0 | W1577: 0 | X1577: 0 | Y1577: 0 | Z1577: 0 | AA1577: 0 | AB1577: 0 | AC1577: 0 | AD1577: 0 | AE1577: 0 | AF1577: 0 | AG1577: 0 | AH1577: 0 | AI1577: 0 | AJ1577: 0 | AK1577: 0 | AL1577: 0 | AM1577: 0 | AN1577: 0 | AO1577: 0 | AP1577: 0 | AQ1577: 0 | AR1577: =E1577-AE1577 -> 0 | AS1577: =F1577-AF1577 -> 0 | AT1577: =G1577-AG1577 -> 0 | AU1577: =H1577-AH1577 -> 0 | AV1577: =I1577-AI1577 -> 0 | AW1577: =J1577-AJ1577 -> 0 | AX1577: =K1577-AK1577 -> 0 | AY1577: =L1577-AL1577 -> 0 | ... BD1577: =Q1577-AQ1577 -> 0 | BE1577: =SUMIF(AR1577:BD1577,"<0",AR1577:BD1577) -> 0 | BF1577: =IF(BE1577<0,D1577+BE1577,D1577) -> 0 | BG1577: =IF(BF1577<0,C1577+BF1577,C1577) -> 1
A1578: 81151235-622L | B1578: Abisko Midsummer Jacket M | C1578: 0 | D1578: 0 | E1578: 0 | F1578: 0 | G1578: 0 | H1578: 0 | I1578: 0 | J1578: 0 | K1578: 0 | L1578: 0 | M1578: 0 | N1578: 0 | O1578: 0 | P1578: 0 | Q1578: 0 | R1578: 0 | S1578: 0 | T1578: 0 | U1578: 1 | V1578: 0 | W1578: 0 | X1578: 0 | Y1578: 0 | Z1578: 1 | AA1578: 0 | AB1578: 0 | AC1578: 0 | AD1578: 0 | AE1578: 0 | AF1578: 0 | AG1578: 0 | AH1578: 0 | AI1578: 0 | AJ1578: 0 | AK1578: 0 | AL1578: 0 | AM1578: 0 | AN1578: 0 | AO1578: 0 | AP1578: 0 | AQ1578: 0 | AR1578: =E1578-AE1578 -> 0 | AS1578: =F1578-AF1578 -> 0 | AT1578: =G1578-AG1578 -> 0 | AU1578: =H1578-AH1578 -> 0 | AV1578: =I1578-AI1578 -> 0 | AW1578: =J1578-AJ1578 -> 0 | AX1578: =K1578-AK1578 -> 0 | AY1578: =L1578-AL1578 -> 0 | ... BD1578: =Q1578-AQ1578 -> 0 | BE1578: =SUMIF(AR1578:BD1578,"<0",AR1578:BD1578) -> 0 | BF1578: =IF(BE1578<0,D1578+BE1578,D1578) -> 0 | BG1578: =IF(BF1578<0,C1578+BF1578,C1578) -> 0
A1579: 81151235-622M | B1579: Abisko Midsummer Jacket M | C1579: 0 | D1579: 0 | E1579: 0 | F1579: 0 | G1579: 0 | H1579: 0 | I1579: 0 | J1579: 0 | K1579: 0 | L1579: 0 | M1579: 0 | N1579: 0 | O1579: 0 | P1579: 0 | Q1579: 0 | R1579: 0 | S1579: 0 | T1579: 0 | U1579: 1 | V1579: 0 | W1579: 0 | X1579: 0 | Y1579: 0 | Z1579: 1 | AA1579: 0 | AB1579: 0 | AC1579: 0 | AD1579: 0 | AE1579: 0 | AF1579: 0 | AG1579: 0 | AH1579: 0 | AI1579: 0 | AJ1579: 0 | AK1579: 0 | AL1579: 0 | AM1579: 0 | AN1579: 0 | AO1579: 0 | AP1579: 0 | AQ1579: 0 | AR1579: =E1579-AE1579 -> 0 | AS1579: =F1579-AF1579 -> 0 | AT1579: =G1579-AG1579 -> 0 | AU1579: =H1579-AH1579 -> 0 | AV1579: =I1579-AI1579 -> 0 | AW1579: =J1579-AJ1579 -> 0 | AX1579: =K1579-AK1579 -> 0 | AY1579: =L1579-AL1579 -> 0 | ... BD1579: =Q1579-AQ1579 -> 0 | BE1579: =SUMIF(AR1579:BD1579,"<0",AR1579:BD1579) -> 0 | BF1579: =IF(BE1579<0,D1579+BE1579,D1579) -> 0 | BG1579: =IF(BF1579<0,C1579+BF1579,C1579) -> 0
A1580: 81151235-622S | B1580: Abisko Midsummer Jacket M | C1580: 14 | D1580: 0 | E1580: 0 | F1580: 0 | G1580: 0 | H1580: 0 | I1580: 0 | J1580: 0 | K1580: 0 | L1580: 0 | M1580: 0 | N1580: 0 | O1580: 0 | P1580: 0 | Q1580: 0 | R1580: 0 | S1580: 0 | T1580: 0 | U1580: 1 | V1580: 0 | W1580: 0 | X1580: 0 | Y1580: 0 | Z1580: 1 | AA1580: 0 | AB1580: 0 | AC1580: 0 | AD1580: 0 | AE1580: 0 | AF1580: 0 | AG1580: 0 | AH1580: 0 | AI1580: 0 | AJ1580: 0 | AK1580: 0 | AL1580: 0 | AM1580: 0 | AN1580: 0 | AO1580: 0 | AP1580: 0 | AQ1580: 0 | AR1580: =E1580-AE1580 -> 0 | AS1580: =F1580-AF1580 -> 0 | AT1580: =G1580-AG1580 -> 0 | AU1580: =H1580-AH1580 -> 0 | AV1580: =I1580-AI1580 -> 0 | AW1580: =J1580-AJ1580 -> 0 | AX1580: =K1580-AK1580 -> 0 | AY1580: =L1580-AL1580 -> 0 | ... BD1580: =Q1580-AQ1580 -> 0 | BE1580: =SUMIF(AR1580:BD1580,"<0",AR1580:BD1580) -> 0 | BF1580: =IF(BE1580<0,D1580+BE1580,D1580) -> 0 | BG1580: =IF(BF1580<0,C1580+BF1580,C1580) -> 14
A1581: 81152R030-55046 | B1581: Abisko Midsummer Trs M Reg | C1581: 1 | D1581: 0 | E1581: 0 | F1581: 0 | G1581: 0 | H1581: 0 | I1581: 0 | J1581: 0 | K1581: 0 | L1581: 0 | M1581: 0 | N1581: 0 | O1581: 0 | P1581: 0 | Q1581: 0 | R1581: 0 | S1581: 0 | T1581: 0 | U1581: 0 | V1581: 0 | W1581: 0 | X1581: 0 | Y1581: 0 | Z1581: 0 | AA1581: 0 | AB1581: 0 | AC1581: 0 | AD1581: 0 | AE1581: 0 | AF1581: 0 | AG1581: 0 | AH1581: 0 | AI1581: 0 | AJ1581: 0 | AK1581: 0 | AL1581: 0 | AM1581: 0 | AN1581: 0 | AO1581: 0 | AP1581: 0 | AQ1581: 0 | AR1581: =E1581-AE1581 -> 0 | AS1581: =F1581-AF1581 -> 0 | AT1581: =G1581-AG1581 -> 0 | AU1581: =H1581-AH1581 -> 0 | AV1581: =I1581-AI1581 -> 0 | AW1581: =J1581-AJ1581 -> 0 | AX1581: =K1581-AK1581 -> 0 | AY1581: =L1581-AL1581 -> 0 | ... BD1581: =Q1581-AQ1581 -> 0 | BE1581: =SUMIF(AR1581:BD1581,"<0",AR1581:BD1581) -> 0 | BF1581: =IF(BE1581<0,D1581+BE1581,D1581) -> 0 | BG1581: =IF(BF1581<0,C1581+BF1581,C1581) -> 1
A1582: 81152R030-55048 | B1582: Abisko Midsummer Trs M Reg | C1582: 5 | D1582: 0 | E1582: 0 | F1582: 0 | G1582: 0 | H1582: 0 | I1582: 0 | J1582: 0 | K1582: 0 | L1582: 0 | M1582: 0 | N1582: 0 | O1582: 0 | P1582: 0 | Q1582: 0 | R1582: 0 | S1582: 0 | T1582: 0 | U1582: 0 | V1582: 0 | W1582: 0 | X1582: 0 | Y1582: 0 | Z1582: 0 | AA1582: 0 | AB1582: 0 | AC1582: 0 | AD1582: 0 | AE1582: 0 | AF1582: 0 | AG1582: 0 | AH1582: 0 | AI1582: 0 | AJ1582: 0 | AK1582: 0 | AL1582: 0 | AM1582: 0 | AN1582: 0 | AO1582: 0 | AP1582: 0 | AQ1582: 0 | AR1582: =E1582-AE1582 -> 0 | AS1582: =F1582-AF1582 -> 0 | AT1582: =G1582-AG1582 -> 0 | AU1582: =H1582-AH1582 -> 0 | AV1582: =I1582-AI1582 -> 0 | AW1582: =J1582-AJ1582 -> 0 | AX1582: =K1582-AK1582 -> 0 | AY1582: =L1582-AL1582 -> 0 | ... BD1582: =Q1582-AQ1582 -> 0 | BE1582: =SUMIF(AR1582:BD1582,"<0",AR1582:BD1582) -> 0 | BF1582: =IF(BE1582<0,D1582+BE1582,D1582) -> 0 | BG1582: =IF(BF1582<0,C1582+BF1582,C1582) -> 5
A1583: 81152R030-55050 | B1583: Abisko Midsummer Trs M Reg | C1583: 1 | D1583: 0 | E1583: 0 | F1583: 0 | G1583: 0 | H1583: 0 | I1583: 0 | J1583: 0 | K1583: 0 | L1583: 0 | M1583: 0 | N1583: 0 | O1583: 0 | P1583: 0 | Q1583: 0 | R1583: 0 | S1583: 0 | T1583: 0 | U1583: 0 | V1583: 0 | W1583: 0 | X1583: 0 | Y1583: 0 | Z1583: 0 | AA1583: 0 | AB1583: 0 | AC1583: 0 | AD1583: 0 | AE1583: 0 | AF1583: 0 | AG1583: 0 | AH1583: 0 | AI1583: 0 | AJ1583: 0 | AK1583: 0 | AL1583: 0 | AM1583: 0 | AN1583: 0 | AO1583: 0 | AP1583: 0 | AQ1583: 0 | AR1583: =E1583-AE1583 -> 0 | AS1583: =F1583-AF1583 -> 0 | AT1583: =G1583-AG1583 -> 0 | AU1583: =H1583-AH1583 -> 0 | AV1583: =I1583-AI1583 -> 0 | AW1583: =J1583-AJ1583 -> 0 | AX1583: =K1583-AK1583 -> 0 | AY1583: =L1583-AL1583 -> 0 | ... BD1583: =Q1583-AQ1583 -> 0 | BE1583: =SUMIF(AR1583:BD1583,"<0",AR1583:BD1583) -> 0 | BF1583: =IF(BE1583<0,D1583+BE1583,D1583) -> 0 | BG1583: =IF(BF1583<0,C1583+BF1583,C1583) -> 1
A1584: 81152R030-55052 | B1584: Abisko Midsummer Trs M Reg | C1584: 1 | D1584: 0 | E1584: 0 | F1584: 0 | G1584: 0 | H1584: 0 | I1584: 0 | J1584: 0 | K1584: 0 | L1584: 0 | M1584: 0 | N1584: 0 | O1584: 0 | P1584: 0 | Q1584: 0 | R1584: 0 | S1584: 0 | T1584: 0 | U1584: 0 | V1584: 0 | W1584: 0 | X1584: 0 | Y1584: 0 | Z1584: 0 | AA1584: 0 | AB1584: 0 | AC1584: 0 | AD1584: 0 | AE1584: 0 | AF1584: 0 | AG1584: 0 | AH1584: 0 | AI1584: 0 | AJ1584: 0 | AK1584: 0 | AL1584: 0 | AM1584: 0 | AN1584: 0 | AO1584: 0 | AP1584: 0 | AQ1584: 0 | AR1584: =E1584-AE1584 -> 0 | AS1584: =F1584-AF1584 -> 0 | AT1584: =G1584-AG1584 -> 0 | AU1584: =H1584-AH1584 -> 0 | AV1584: =I1584-AI1584 -> 0 | AW1584: =J1584-AJ1584 -> 0 | AX1584: =K1584-AK1584 -> 0 | AY1584: =L1584-AL1584 -> 0 | ... BD1584: =Q1584-AQ1584 -> 0 | BE1584: =SUMIF(AR1584:BD1584,"<0",AR1584:BD1584) -> 0 | BF1584: =IF(BE1584<0,D1584+BE1584,D1584) -> 0 | BG1584: =IF(BF1584<0,C1584+BF1584,C1584) -> 1
...
